Workbook

Sheet Teams
B1: Kevin | D1: Marcelo | F1: Emiliano | H1: Roy | J1: Beto | L1: Steve
A2: # | B2: Player | C2: POS | D2: Player | E2: POS | F2: Player | G2: POS | H2: Player | I2: POS | J2: Player | K2: POS | L2: Player | M2: POS
A3: 1 | B3: {=_xlfn._xlws.FILTER(ADPs!$C:$C,ADPs!$J:$J=Teams!B1)} -> Ja'Marr Chase | C3: {=_xlfn._xlws.FILTER(ADPs!$D:$D,ADPs!$J:$J=Teams!B1)} -> WR | D3: {=_xlfn._xlws.FILTER(ADPs!$C:$C,ADPs!$J:$J=Teams!D1)} -> Bijan Robinson | E3: {=_xlfn._xlws.FILTER(ADPs!$D:$D,ADPs!$J:$J=Teams!D1)} -> RB | F3: {=_xlfn._xlws.FILTER(ADPs!$C:$C,ADPs!$J:$J=Teams!F1)} -> Jahmyr Gibbs | G3: {=_xlfn._xlws.FILTER(ADPs!$D:$D,ADPs!$J:$J=Teams!F1)} -> RB | H3: {=_xlfn._xlws.FILTER(ADPs!$C:$C,ADPs!$J:$J=Teams!H1)} -> Jaxon Smith-Njigba | I3: {=_xlfn._xlws.FILTER(ADPs!$D:$D,ADPs!$J:$J=Teams!H1)} -> WR | J3: {=_xlfn._xlws.FILTER(ADPs!$C:$C,ADPs!$J:$J=Teams!J1)} -> Puka Nacua | K3: {=_xlfn._xlws.FILTER(ADPs!$D:$D,ADPs!$J:$J=Teams!J1)} -> WR | L3: {=_xlfn._xlws.FILTER(ADPs!$C:$C,ADPs!$J:$J=Teams!L1)} -> Amon-Ra St. Brown | M3: {=_xlfn._xlws.FILTER(ADPs!$D:$D,ADPs!$J:$J=Teams!L1)} -> WR
A4: 2 | B4: Justin Jefferson | C4: WR | D4: Christian McCaffrey | E4: RB | F4: CeeDee Lamb | G4: WR | H4: Kenneth Walker III | I4: RB | J4: James Cook III | K4: RB | L4: Jonathan Taylor | M4: RB
A5: 3 | B5: Omarion Hampton | C5: RB | D5: A.J. Brown | E5: WR | F5: De'Von Achane | G5: RB | H5: Josh Allen | I5: QB | J5: Chase Brown | K5: RB | L5: Drake London | M5: WR
A6: 4 | B6: DeVonta Smith | C6: WR | D6: Nico Collins | E6: WR | F6: Ladd McConkey | G6: WR | H6: Zay Flowers | I6: WR | J6: Trey McBride | K6: TE | L6: George Pickens | M6: WR
A7: 5 | B7: Ashton Jeanty | C7: RB | D7: Chris Olave | E7: WR | F7: Derrick Henry | G7: RB | H7: Garrett Wilson | I7: WR | J7: Rashee Rice | K7: WR | L7: Brock Bowers | M7: TE
A8: 6 | B8: Javonte Williams | C8: RB | D8: Malik Nabers | E8: WR | F8: Drake Maye | G8: QB | H8: Tetairoa McMillan | I8: WR | J8: Emeka Egbuka | K8: WR | L8: Breece Hall | M8: RB
A9: 7 | B9: Jadarian Price | C9: RB | D9: Jeremiyah Love | E9: RB | F9: Colston Loveland | G9: TE | H9: Kyren Williams | I9: RB | J9: Bucky Irving | K9: RB | L9: Lamar Jackson | M9: QB
A10: 8 | B10: Justin Herbert | C10: QB | D10: Jaylen Waddle | E10: WR | F10: Travis Etienne Jr. | G10: RB | H10: Davante Adams | I10: WR | J10: Cam Skattebo | K10: RB | L10: Tee Higgins | M10: WR
A11: 9 | B11: Tucker Kraft | C11: TE | D11: DJ Moore | E11: WR | F11: Rome Odunze | G11: WR | H11: TreVeyon Henderson | I11: RB | J11: Quinshon Judkins | K11: RB | L11: Joe Burrow | M11: QB
A12: 10 | B12: George Kittle | C12: TE | D12: D'Andre Swift | E12: RB | F12: Michael Pittman Jr. | G12: WR | H12: Kyle Pitts Sr. | I12: TE
A13: 11 | D13: Tyler Warren | E13: TE | H13: Blake Corum | I13: RB
A14: 12
A15: 13
A16: 14
A17: 15
A18: 16
A19: 17
A20: 18
B22: QB | C22: =+COUNTIF(C$3:C$20, $B22) -> 1 | D22: QB | E22: =+COUNTIF(E$3:E$20, $B22) -> 0 | F22: QB | G22: =+COUNTIF(G$3:G$20, $B22) -> 1 | H22: QB | I22: =+COUNTIF(I$3:I$20, $B22) -> 1 | J22: QB | K22: =+COUNTIF(K$3:K$20, $B22) -> 0 | L22: QB | M22: =+COUNTIF(M$3:M$20, $B22) -> 2
B23: RB | C23: =+COUNTIF(C$3:C$20, $B23) -> 4 | D23: RB | E23: =+COUNTIF(E$3:E$20, $B23) -> 4 | F23: RB | G23: =+COUNTIF(G$3:G$20, $B23) -> 4 | H23: RB | I23: =+COUNTIF(I$3:I$20, $B23) -> 4 | J23: RB | K23: =+COUNTIF(K$3:K$20, $B23) -> 5 | L23: RB | M23: =+COUNTIF(M$3:M$20, $B23) -> 2
B24: WR | C24: =+COUNTIF(C$3:C$20, $B24) -> 3 | D24: WR | E24: =+COUNTIF(E$3:E$20, $B24) -> 6 | F24: WR | G24: =+COUNTIF(G$3:G$20, $B24) -> 4 | H24: WR | I24: =+COUNTIF(I$3:I$20, $B24) -> 5 | J24: WR | K24: =+COUNTIF(K$3:K$20, $B24) -> 3 | L24: WR | M24: =+COUNTIF(M$3:M$20, $B24) -> 4
B25: TE | C25: =+COUNTIF(C$3:C$20, $B25) -> 2 | D25: TE | E25: =+COUNTIF(E$3:E$20, $B25) -> 1 | F25: TE | G25: =+COUNTIF(G$3:G$20, $B25) -> 1 | H25: TE | I25: =+COUNTIF(I$3:I$20, $B25) -> 1 | J25: TE | K25: =+COUNTIF(K$3:K$20, $B25) -> 1 | L25: TE | M25: =+COUNTIF(M$3:M$20, $B25) -> 1
B26: DS | C26: =+COUNTIF(C$3:C$20, $B26) -> 0 | D26: DS | E26: =+COUNTIF(E$3:E$20, $B26) -> 0 | F26: DS | G26: =+COUNTIF(G$3:G$20, $B26) -> 0 | H26: DS | I26: =+COUNTIF(I$3:I$20, $B26) -> 0 | J26: DS | K26: =+COUNTIF(K$3:K$20, $B26) -> 0 | L26: DS | M26: =+COUNTIF(M$3:M$20, $B26) -> 0

Sheet ADPs
A1: NFL | B1: Key | C1: Player | D1: Pos | E1: Team | F1: Bye | G1: UPSIDE | H1: BUST | I1: POS1 | J1: Taken
A2: 4 | B2: x | C2: Bijan Robinson | D2: RB | E2: ATL | F2: 11 | G2: 5 out of 5 | H2: 1 out of 5 | I2: RB2 | J2: Marcelo
A3: 2 | B3: x | C3: Jahmyr Gibbs | D3: RB | E3: DET | F3: 6 | G3: 5 out of 5 | H3: 1 out of 5 | I3: RB1 | J3: Emiliano
A4: 1 | B4: x | C4: Ja'Marr Chase | D4: WR | E4: CIN | F4: 6 | G4: 5 out of 5 | H4: 1 out of 5 | I4: WR1 | J4: Kevin
A5: 5 | B5: x | C5: Jaxon Smith-Njigba | D5: WR | E5: SEA | F5: 11 | G5: 5 out of 5 | H5: 2 out of 5 | I5: WR3 | J5: Roy
A6: 8 | B6: x | C6: Christian McCaffrey | D6: RB | E6: SF | F6: 8 | G6: 4 out of 5 | H6: 4 out of 5 | I6: RB3 | J6: Marcelo
A7: 9 | B7: x | C7: Justin Jefferson | D7: WR | E7: MIN | F7: 6 | G7: 5 out of 5 | H7: 2 out of 5 | I7: WR6 | J7: Kevin
A8: 3 | C8: Puka Nacua | D8: WR | E8: LAR | F8: 11 | G8: 5 out of 5 | H8: 2 out of 5 | I8: WR2 | J8: Beto
A9: 6 | B9: x | C9: Amon-Ra St. Brown | D9: WR | E9: DET | F9: 6 | G9: 5 out of 5 | H9: 1 out of 5 | I9: WR4 | J9: Steve
A10: 7 | C10: CeeDee Lamb | D10: WR | E10: DAL | F10: 14 | G10: 4 out of 5 | H10: 2 out of 5 | I10: WR5 | J10: Emiliano
A11: 25 | B11: x | C11: Omarion Hampton | D11: RB | E11: LAC | F11: 7 | G11: 5 out of 5 | H11: 2 out of 5 | I11: RB10 | J11: Kevin
A12: 10 | C12: Jonathan Taylor | D12: RB | E12: IND | F12: 13 | G12: 4 out of 5 | H12: 3 out of 5 | I12: RB4 | J12: Steve
A13: 13 | C13: James Cook III | D13: RB | E13: BUF | F13: 7 | G13: 5 out of 5 | H13: 1 out of 5 | I13: RB5 | J13: Beto
A14: 22 | B14: x | C14: Saquon Barkley | D14: RB | E14: PHI | F14: 10 | G14: 4 out of 5 | H14: 4 out of 5 | I14: RB8 | J14: Saquon
A15: 21 | B15: x | C15: DeVonta Smith | D15: WR | E15: PHI | F15: 10 | G15: 4 out of 5 | H15: 2 out of 5 | I15: WR12 | J15: Kevin
A16: 12 | C16: A.J. Brown | D16: WR | E16: NE | F16: 11 | G16: 5 out of 5 | H16: 2 out of 5 | I16: WR8 | J16: Marcelo
A17: 11 | B17: x | C17: Drake London | D17: WR | E17: ATL | F17: 11 | G17: 4 out of 5 | H17: 3 out of 5 | I17: WR7 | J17: Steve
A18: 14 | C18: Nico Collins | D18: WR | E18: HOU | F18: 8 | G18: 4 out of 5 | H18: 2 out of 5 | I18: WR9 | J18: Marcelo
A19: 15 | C19: Chase Brown | D19: RB | E19: CIN | F19: 6 | G19: 5 out of 5 | H19: 2 out of 5 | I19: RB6 | J19: Beto
A20: 28 | B20: x | C20: Ashton Jeanty | D20: RB | E20: LV | F20: 13 | G20: 4 out of 5 | H20: 4 out of 5 | I20: RB11 | J20: Kevin
A21: 16 | C21: Chris Olave | D21: WR | E21: NO | F21: 8 | G21: 4 out of 5 | H21: 4 out of 5 | I21: WR10 | J21: Marcelo
A22: 17 | B22: x | C22: Trey McBride | D22: TE | E22: ARI | F22: 14 | G22: 4 out of 5 | H22: 2 out of 5 | I22: TE1 | J22: Beto
A23: 18 | C23: George Pickens | D23: WR | E23: DAL | F23: 14 | G23: 4 out of 5 | H23: 4 out of 5 | I23: WR11 | J23: Steve
A24: 19 | B24: x | C24: Brock Bowers | D24: TE | E24: LV | F24: 13 | G24: 5 out of 5 | H24: 1 out of 5 | I24: TE2 | J24: Steve
A25: 20 | C25: De'Von Achane | D25: RB | E25: MIA | F25: 6 | G25: 4 out of 5 | H25: 4 out of 5 | I25: RB7 | J25: Emiliano
A26: 43 | B26: x | C26: Javonte Williams | D26: RB | E26: DAL | F26: 14 | G26: 4 out of 5 | H26: 4 out of 5 | I26: RB16 | J26: Kevin
A27: 23 | C27: Kenneth Walker III | D27: RB | E27: KC | F27: 5 | G27: 5 out of 5 | H27: 4 out of 5 | I27: RB9 | J27: Roy
A28: 24 | C28: Malik Nabers | D28: WR | E28: NYG | F28: 8 | G28: 4 out of 5 | H28: 4 out of 5 | I28: WR13 | J28: Marcelo
A29: 40 | B29: x | C29: Jeremiyah Love | D29: RB | E29: ARI | F29: 14 | G29: 5 out of 5 | H29: 4 out of 5 | I29: RB14 | J29: Marcelo
A30: 26 | B30: x | C30: Josh Allen | D30: QB | E30: BUF | F30: 7 | G30: 5 out of 5 | H30: 2 out of 5 | I30: QB1 | J30: Roy
A31: 39 | B31: x | C31: Breece Hall | D31: RB | E31: NYJ | F31: 13 | G31: 4 out of 5 | H31: 4 out of 5 | I31: RB13 | J31: Steve
A32: 27 | C32: Rashee Rice | D32: WR | E32: KC | F32: 5 | G32: 4 out of 5 | H32: 4 out of 5 | I32: WR14 | J32: Beto
A33: 29 | C33: Zay Flowers | D33: WR | E33: BAL | F33: 13 | G33: 4 out of 5 | H33: 2 out of 5 | I33: WR15 | J33: Roy
A34: 65 | B34: x | C34: Jadarian Price | D34: RB | E34: SEA | F34: 11 | G34: 4 out of 5 | H34: 4 out of 5 | I34: RB24 | J34: Kevin
A35: 30 | C35: Garrett Wilson | D35: WR | E35: NYJ | F35: 13 | G35: 4 out of 5 | H35: 4 out of 5 | I35: WR16 | J35: Roy
A36: 31 | C36: Lamar Jackson | D36: QB | E36: BAL | F36: 13 | G36: 4 out of 5 | H36: 4 out of 5 | I36: QB2 | J36: Steve
A37: 32 | C37: Ladd McConkey | D37: WR | E37: LAC | F37: 7 | G37: 4 out of 5 | H37: 3 out of 5 | I37: WR17 | J37: Emiliano
A38: 33 | C38: Jaylen Waddle | D38: WR | E38: DEN | F38: 10 | G38: 4 out of 5 | H38: 3 out of 5 | I38: WR18 | J38: Marcelo
A39: 34 | B39: x | C39: Derrick Henry | D39: RB | E39: BAL | F39: 13 | G39: 4 out of 5 | H39: 2 out of 5 | I39: RB12 | J39: Emiliano
A40: 35 | C40: Tee Higgins | D40: WR | E40: CIN | F40: 6 | G40: 5 out of 5 | H40: 2 out of 5 | I40: WR19 | J40: Steve
A41: 36 | C41: Tetairoa McMillan | D41: WR | E41: CAR | F41: 5 | G41: 4 out of 5 | H41: 3 out of 5 | I41: WR20 | J41: Roy
A42: 37 | C42: Drake Maye | D42: QB | E42: NE | F42: 11 | G42: 5 out of 5 | H42: 1 out of 5 | I42: QB3 | J42: Emiliano
A43: 38 | B43: x | C43: Colston Loveland | D43: TE | E43: CHI | F43: 10 | G43: 5 out of 5 | H43: 2 out of 5 | I43: TE3 | J43: Emiliano
A44: 41 | B44: x | C44: Emeka Egbuka | D44: WR | E44: TB | F44: 10 | G44: 4 out of 5 | H44: 3 out of 5 | I44: WR21 | J44: Beto
A45: 42 | B45: x | C45: Kyren Williams | D45: RB | E45: LAR | F45: 11 | G45: 4 out of 5 | H45: 2 out of 5 | I45: RB15 | J45: Roy
A46: 44 | B46: x | C46: Joe Burrow | D46: QB | E46: CIN | F46: 6 | G46: 4 out of 5 | H46: 4 out of 5 | I46: QB4 | J46: Steve
A47: 45 | C47: Travis Etienne Jr. | D47: RB | E47: NO | F47: 8 | G47: 4 out of 5 | H47: 4 out of 5 | I47: RB17 | J47: Emiliano
A48: 46 | B48: x | C48: Luther Burden III | D48: WR | E48: CHI | F48: 10 | G48: 4 out of 5 | H48: 4 out of 5 | I48: WR22
A49: 47 | C49: Terry McLaurin | D49: WR | E49: WAS | F49: 7 | G49: 4 out of 5 | H49: 2 out of 5 | I49: WR23
A50: 48 | C50: Davante Adams | D50: WR | E50: LAR | F50: 11 | G50: 4 out of 5 | H50: 4 out of 5 | I50: WR24 | J50: Roy
A51: 49 | C51: DJ Moore | D51: WR | E51: BUF | F51: 7 | G51: 4 out of 5 | H51: 2 out of 5 | I51: WR25 | J51: Marcelo
A52: 50 | C52: D'Andre Swift | D52: RB | E52: CHI | F52: 10 | G52: 3 out of 5 | H52: 2 out of 5 | I52: RB18 | J52: Marcelo
A53: 51 | B53: x | C53: Tyler Warren | D53: TE | E53: IND | F53: 13 | G53: 5 out of 5 | H53: 2 out of 5 | I53: TE4 | J53: Marcelo
A54: 52 | C54: Jameson Williams | D54: WR | E54: DET | F54: 6 | G54: 4 out of 5 | H54: 3 out of 5 | I54: WR26
A55: 53 | B55: x | C55: Bucky Irving | D55: RB | E55: TB | F55: 10 | G55: 3 out of 5 | H55: 4 out of 5 | I55: RB19 | J55: Beto
A56: 54 | B56: x | C56: Cam Skattebo | D56: RB | E56: NYG | F56: 8 | G56: 4 out of 5 | H56: 4 out of 5 | I56: RB20 | J56: Beto
A57: 55 | C57: Jalen Hurts | D57: QB | E57: PHI | F57: 10 | G57: 4 out of 5 | H57: 3 out of 5 | I57: QB5
A58: 56 | C58: Christian Watson | D58: WR | E58: GB | F58: 11 | G58: 4 out of 5 | H58: 4 out of 5 | I58: WR27
A59: 57 | C59: Jayden Daniels | D59: QB | E59: WAS | F59: 7 | G59: 4 out of 5 | H59: 4 out of 5 | I59: QB6
A60: 58 | C60: Rome Odunze | D60: WR | E60: CHI | F60: 10 | G60: 4 out of 5 | H60: 3 out of 5 | I60: WR28 | J60: Emiliano
A61: 59 | C61: Parker Washington | D61: WR | E61: JAC | F61: 7 | G61: 4 out of 5 | H61: 2 out of 5 | I61: WR29
A62: 60 | C62: David Montgomery | D62: RB | E62: HOU | F62: 8 | G62: 4 out of 5 | H62: 2 out of 5 | I62: RB21
A63: 61 | B63: x | C63: Quinshon Judkins | D63: RB | E63: CLE | F63: 11 | G63: 4 out of 5 | H63: 4 out of 5 | I63: RB22 | J63: Beto
A64: 62 | C64: Mike Evans | D64: WR | E64: SF | F64: 8 | G64: 4 out of 5 | H64: 4 out of 5 | I64: WR30
A65: 63 | C65: Caleb Williams | D65: QB | E65: CHI | F65: 10 | G65: 5 out of 5 | H65: 2 out of 5 | I65: QB7
A66: 64 | C66: Bhayshul Tuten | D66: RB | E66: JAC | F66: 7 | G66: 4 out of 5 | H66: 3 out of 5 | I66: RB23
A67: 66 | C67: Carnell Tate | D67: WR | E67: TEN | F67: 9 | G67: 4 out of 5 | H67: 2 out of 5 | I67: WR31
A68: 67 | C68: Marvin Harrison Jr. | D68: WR | E68: ARI | F68: 14 | G68: 3 out of 5 | H68: 4 out of 5 | I68: WR32
A69: 68 | C69: TreVeyon Henderson | D69: RB | E69: NE | F69: 11 | G69: 4 out of 5 | H69: 4 out of 5 | I69: RB25 | J69: Roy
A70: 69 | B70: x | C70: Justin Herbert | D70: QB | E70: LAC | F70: 7 | G70: 5 out of 5 | H70: 2 out of 5 | I70: QB8 | J70: Kevin
A71: 70 | C71: Rhamondre Stevenson | D71: RB | E71: NE | F71: 11 | G71: 4 out of 5 | H71: 3 out of 5 | I71: RB26
A72: 71 | C72: Jaylen Warren | D72: RB | E72: PIT | F72: 9 | G72: 4 out of 5 | H72: 4 out of 5 | I72: RB27
A73: 72 | C73: Chris Godwin Jr. | D73: WR | E73: TB | F73: 10 | G73: 4 out of 5 | H73: 4 out of 5 | I73: WR33
A74: 73 | C74: Trevor Lawrence | D74: QB | E74: JAC | F74: 7 | G74: 5 out of 5 | H74: 2 out of 5 | I74: QB9
A75: 74 | C75: Harold Fannin Jr. | D75: TE | E75: CLE | F75: 11 | G75: 4 out of 5 | H75: 3 out of 5 | I75: TE5
A76: 75 | C76: Dak Prescott | D76: QB | E76: DAL | F76: 14 | G76: 4 out of 5 | H76: 2 out of 5 | I76: QB10
A77: 76 | C77: Kyle Pitts Sr. | D77: TE | E77: ATL | F77: 11 | G77: 4 out of 5 | H77: 4 out of 5 | I77: TE6 | J77: Roy
A78: 77 | C78: DK Metcalf | D78: WR | E78: PIT | F78: 9 | G78: 3 out of 5 | H78: 3 out of 5 | I78: WR34
A79: 78 | B79: x | C79: Tucker Kraft | D79: TE | E79: GB | F79: 11 | G79: 5 out of 5 | H79: 3 out of 5 | I79: TE7 | J79: Kevin
A80: 79 | C80: Michael Pittman Jr. | D80: WR | E80: PIT | F80: 9 | G80: 3 out of 5 | H80: 3 out of 5 | I80: WR35 | J80: Emiliano
A81: 80 | C81: Brian Thomas Jr. | D81: WR | E81: JAC | F81: 7 | G81: 2 out of 5 | H81: 4 out of 5 | I81: WR36
A82: 81 | C82: Tony Pollard | D82: RB | E82: TEN | F82: 9 | G82: 4 out of 5 | H82: 3 out of 5 | I82: RB28
A83: 82 | C83: Courtland Sutton | D83: WR | E83: DEN | F83: 10 | G83: 2 out of 5 | H83: 4 out of 5 | I83: WR37
A84: 83 | C84: Rico Dowdle | D84: RB | E84: PIT | F84: 9 | G84: 4 out of 5 | H84: 4 out of 5 | I84: RB29
A85: 84 | C85: Wan'Dale Robinson | D85: WR | E85: TEN | F85: 9 | G85: 4 out of 5 | H85: 3 out of 5 | I85: WR38
A86: 85 | C86: Sam LaPorta | D86: TE | E86: DET | F86: 6 | G86: 4 out of 5 | H86: 3 out of 5 | I86: TE8
A87: 86 | B87: x | C87: Jonathon Brooks | D87: RB | E87: CAR | F87: 5 | G87: 4 out of 5 | H87: 4 out of 5 | I87: RB30
A88: 87 | B88: x | C88: Michael Wilson | D88: WR | E88: ARI | F88: 14 | G88: - | H88: - | I88: WR39
A89: 88 | C89: Josh Downs | D89: WR | E89: IND | F89: 13 | G89: 3 out of 5 | H89: 4 out of 5 | I89: WR40
A90: 89 | C90: Quentin Johnston | D90: WR | E90: LAC | F90: 7 | G90: 4 out of 5 | H90: 4 out of 5 | I90: WR41
A91: 90 | C91: RJ Harvey | D91: RB | E91: DEN | F91: 10 | G91: 2 out of 5 | H91: 4 out of 5 | I91: RB31
A92: 91 | C92: Stefon Diggs | D92: WR | E92: WAS | F92: 7 | G92: 4 out of 5 | H92: 2 out of 5 | I92: WR42
A93: 92 | C93: Brock Purdy | D93: QB | E93: SF | F93: 8 | G93: 4 out of 5 | H93: 2 out of 5 | I93: QB11
A94: 93 | C94: Kenny Gainwell | D94: RB | E94: TB | F94: 10 | G94: 4 out of 5 | H94: 3 out of 5 | I94: RB32
A95: 94 | C95: Bo Nix | D95: QB | E95: DEN | F95: 10 | G95: 4 out of 5 | H95: 2 out of 5 | I95: QB12
A96: 95 | B96: x | C96: George Kittle | D96: TE | E96: SF | F96: 8 | G96: 4 out of 5 | H96: 4 out of 5 | I96: TE9 | J96: Kevin
A97: 96 | C97: Jaxson Dart | D97: QB | E97: NYG | F97: 8 | G97: 5 out of 5 | H97: 4 out of 5 | I97: QB13
A98: 97 | C98: Travis Kelce | D98: TE | E98: KC | F98: 5 | G98: 3 out of 5 | H98: 3 out of 5 | I98: TE10
A99: 98 | C99: Chuba Hubbard | D99: RB | E99: CAR | F99: 5 | G99: 2 out of 5 | H99: 4 out of 5 | I99: RB33
A100: 99 | C100: Alec Pierce | D100: WR | E100: IND | F100: 13 | G100: 4 out of 5 | H100: 4 out of 5 | I100: WR43
...
