Workbook

Sheet Teams
B1: Kevin | D1: Marcelo | F1: Emiliano | H1: Roy | J1: Beto | L1: Steve
A2: # | B2: Player | C2: POS | D2: Player | E2: POS | F2: Player | G2: POS | H2: Player | I2: POS | J2: Player | K2: POS | L2: Player | M2: POS
A3: 1 | B3: {=_xlfn._xlws.FILTER(ADPs!$D:$D,ADPs!$K:$K=Teams!B1)} -> Bijan Robinson | C3: {=_xlfn._xlws.FILTER(ADPs!$E:$E,ADPs!$K:$K=Teams!B1)} -> RB | D3: {=_xlfn._xlws.FILTER(ADPs!$D:$D,ADPs!$K:$K=Teams!D1)} -> Amon-Ra St. Brown | E3: {=_xlfn._xlws.FILTER(ADPs!$E:$E,ADPs!$K:$K=Teams!D1)} -> WR | F3: {=_xlfn._xlws.FILTER(ADPs!$D:$D,ADPs!$K:$K=Teams!F1)} -> Justin Jefferson | G3: {=_xlfn._xlws.FILTER(ADPs!$E:$E,ADPs!$K:$K=Teams!F1)} -> WR | H3: {=_xlfn._xlws.FILTER(ADPs!$D:$D,ADPs!$K:$K=Teams!H1)} -> Saquon Barkley | I3: {=_xlfn._xlws.FILTER(ADPs!$E:$E,ADPs!$K:$K=Teams!H1)} -> RB | J3: {=_xlfn._xlws.FILTER(ADPs!$D:$D,ADPs!$K:$K=Teams!J1)} -> Ja'Marr Chase | K3: {=_xlfn._xlws.FILTER(ADPs!$E:$E,ADPs!$K:$K=Teams!J1)} -> WR | L3: {=_xlfn._xlws.FILTER(ADPs!$D:$D,ADPs!$K:$K=Teams!L1)} -> CeeDee Lamb | M3: {=_xlfn._xlws.FILTER(ADPs!$E:$E,ADPs!$K:$K=Teams!L1)} -> WR
A4: 2 | B4: Nico Collins | C4: WR | D4: Jahmyr Gibbs | E4: RB | F4: Christian McCaffrey | G4: RB | H4: Brian Thomas Jr. | I4: WR | J4: Derrick Henry | K4: RB | L4: Puka Nacua | M4: WR
A5: 3 | B5: Bucky Irving | C5: RB | D5: Malik Nabers | E5: WR | F5: Chase Brown | G5: RB | H5: Ashton Jeanty | I5: RB | J5: Kyren Williams | K5: RB | L5: A.J. Brown | M5: WR
A6: 4 | B6: Josh Jacobs | C6: RB | D6: Ladd McConkey | E6: WR | F6: Trey McBride | G6: TE | H6: Garrett Wilson | I6: WR | J6: Omarion Hampton | K6: RB | L6: Calvin Ridley | M6: WR
A7: 5 | B7: Josh Allen | C7: QB | D7: Alvin Kamara | E7: RB | F7: Mike Evans | G7: WR | H7: Drake London | I7: WR | J7: Terry McLaurin | K7: WR | L7: Rashee Rice | M7: WR
A8: 6 | B8: Chuba Hubbard | C8: RB | D8: Patrick Mahomes II | E8: QB | F8: Jalen Hurts | G8: QB | H8: Jayden Daniels | I8: QB | J8: George Kittle | K8: TE | L8: David Montgomery | M8: RB
A9: 7 | B9: TreVeyon Henderson | C9: RB | D9: RJ Harvey | E9: RB | F9: Breece Hall | G9: RB | H9: Courtland Sutton | I9: WR | J9: De'Von Achane | K9: RB | L9: Sam LaPorta | M9: TE
A10: 8 | B10: Marvin Harrison Jr. | C10: WR | D10: Jerry Jeudy | E10: WR | F10: James Conner | G10: RB | H10: Tetairoa McMillan | I10: WR | J10: Joe Burrow | K10: QB | L10: Lamar Jackson | M10: QB
A11: 9 | B11: Ricky Pearsall | C11: WR | D11: Brock Bowers | E11: TE | F11: George Pickens | G11: WR | H11: Zay Flowers | I11: WR | J11: James Cook | K11: RB | L11: Jonathan Taylor | M11: RB
A12: 10 | B12: Emeka Egbuka | C12: WR | D12: Tyreek Hill | E12: WR | F12: Jameson Williams | G12: WR | H12: Deebo Samuel Sr. | I12: WR | J12: DK Metcalf | K12: WR | L12: Kenneth Walker III | M12: RB
A13: 11 | B13: Tyler Warren | C13: TE | D13: Xavier Worthy | E13: WR | F13: Isiah Pacheco | G13: RB | H13: Colston Loveland | I13: TE | J13: DeVonta Smith | K13: WR | L13: Jaylen Waddle | M13: WR
A14: 12 | B14: C.J. Stroud | C14: QB | D14: Tony Pollard | E14: RB | F14: Denver Broncos | G14: DS | H14: Jake Bates | I14: K3 | J14: Aaron Jones Sr. | K14: RB | L14: D'Andre Swift | M14: RB
A15: 13 | B15: Brandon Aubrey | C15: K1 | D15: Chris Olave | E15: WR | F15: Wil Lutz | G15: K4 | J15: DJ Moore | K15: WR | L15: Chris Boswell | M15: K7
A16: 14 | B16: Jaxon Smith-Njigba | C16: WR | J16: T.J. Hockenson | K16: TE
A17: 15 | B17: Green Bay Packers | C17: DS | J17: Matthew Golden | K17: WR
A18: 16
A19: 17
A20: 18
B22: QB | C22: =+COUNTIF(C$3:C$20, $B22) -> 2 | D22: QB | E22: =+COUNTIF(E$3:E$20, $B22) -> 1 | F22: QB | G22: =+COUNTIF(G$3:G$20, $B22) -> 1 | H22: QB | I22: =+COUNTIF(I$3:I$20, $B22) -> 1 | J22: QB | K22: =+COUNTIF(K$3:K$20, $B22) -> 1 | L22: QB | M22: =+COUNTIF(M$3:M$20, $B22) -> 1
B23: RB | C23: =+COUNTIF(C$3:C$20, $B23) -> 5 | D23: RB | E23: =+COUNTIF(E$3:E$20, $B23) -> 4 | F23: RB | G23: =+COUNTIF(G$3:G$20, $B23) -> 5 | H23: RB | I23: =+COUNTIF(I$3:I$20, $B23) -> 2 | J23: RB | K23: =+COUNTIF(K$3:K$20, $B23) -> 6 | L23: RB | M23: =+COUNTIF(M$3:M$20, $B23) -> 4
B24: WR | C24: =+COUNTIF(C$3:C$20, $B24) -> 5 | D24: WR | E24: =+COUNTIF(E$3:E$20, $B24) -> 7 | F24: WR | G24: =+COUNTIF(G$3:G$20, $B24) -> 4 | H24: WR | I24: =+COUNTIF(I$3:I$20, $B24) -> 7 | J24: WR | K24: =+COUNTIF(K$3:K$20, $B24) -> 6 | L24: WR | M24: =+COUNTIF(M$3:M$20, $B24) -> 6
B25: TE | C25: =+COUNTIF(C$3:C$20, $B25) -> 1 | D25: TE | E25: =+COUNTIF(E$3:E$20, $B25) -> 1 | F25: TE | G25: =+COUNTIF(G$3:G$20, $B25) -> 1 | H25: TE | I25: =+COUNTIF(I$3:I$20, $B25) -> 1 | J25: TE | K25: =+COUNTIF(K$3:K$20, $B25) -> 2 | L25: TE | M25: =+COUNTIF(M$3:M$20, $B25) -> 1
B26: DS | C26: =+COUNTIF(C$3:C$20, $B26) -> 1 | D26: DS | E26: =+COUNTIF(E$3:E$20, $B26) -> 0 | F26: DS | G26: =+COUNTIF(G$3:G$20, $B26) -> 1 | H26: DS | I26: =+COUNTIF(I$3:I$20, $B26) -> 0 | J26: DS | K26: =+COUNTIF(K$3:K$20, $B26) -> 0 | L26: DS | M26: =+COUNTIF(M$3:M$20, $B26) -> 0

Sheet ADPs
A1: Rank | B1: Interest | C1: NFL | D1: Player | E1: Pos | F1: Team | G1: Bye | H1: POS1 | I1: ECR VS. ADP | J1: Proj Rd | K1: Taken
A2: 1 | B2: Yes | C2: 2 | D2: Bijan Robinson | E2: RB | F2: ATL | G2: 5 | H2: RB1 | I2: 0 | J2: 1 | K2: Kevin
A3: 2 | B3: Yes | C3: 6 | D3: Saquon Barkley | E3: RB | F3: PHI | G3: 9 | H3: RB3 | I3: -3 | J3: 1 | K3: Roy
A4: 3 | B4: Yes | C4: 1 | D4: Ja'Marr Chase | E4: WR | F4: CIN | G4: 10 | H4: WR1 | I4: 0 | J4: 1 | K4: Beto
A5: 4 | B5: Yes | C5: 4 | D5: Justin Jefferson | E5: WR | F5: MIN | G5: 6 | H5: WR3 | I5: 0 | J5: 1 | K5: Emiliano
A6: 5 | B6: Yes | C6: 8 | D6: Amon-Ra St. Brown | E6: WR | F6: DET | G6: 8 | H6: WR5 | I6: 0 | J6: 2 | K6: Marcelo
A7: 6 | B7: Maybe | C7: 3 | D7: CeeDee Lamb | E7: WR | F7: DAL | G7: 10 | H7: WR2 | I7: 3 | J7: 1 | K7: Steve
A8: 7 | B8: Yes | C8: 9 | D8: Nico Collins | E8: WR | F8: HOU | G8: 6 | H8: WR6 | I8: 4 | J8: 2 | K8: Kevin
A9: 8 | B9: Maybe | C9: 5 | D9: Jahmyr Gibbs | E9: RB | F9: DET | G9: 8 | H9: RB2 | I9: 0 | J9: 1 | K9: Marcelo
A10: 9 | B10: Yes | C10: 21 | D10: Derrick Henry | E10: RB | F10: BAL | G10: 7 | H10: RB7 | I10: -11 | J10: 3 | K10: Beto
A11: 10 | B11: Maybe | C11: 11 | D11: Christian McCaffrey | E11: RB | F11: SF | G11: 14 | H11: RB4 | I11: -4 | J11: 1 | K11: Emiliano
A12: 11 | B12: Yes | C12: 10 | D12: Puka Nacua | E12: WR | F12: LAR | G12: 8 | H12: WR7 | I12: 1 | J12: 2 | K12: Steve
A13: 12 | B13: Maybe | C13: 7 | D13: Malik Nabers | E13: WR | F13: NYG | G13: 14 | H13: WR4 | I13: 2 | J13: 2 | K13: Marcelo
... A37: 36 | B37: Yes | C37: 83 | D37: Emeka Egbuka | E37: WR | F37: TB | G37: 9 | H37: WR39 | I37: 10 | J37: 9 | K37: Kevin
A38: 37 | B38: Yes | C38: 108 | D38: Tyler Warren | E38: TE | F38: IND | G38: 11 | H38: TE11 | I38: -17 | J38: 10+ | K38: Kevin
A39: 38 | B39: Yes | C39: 116 | D39: C.J. Stroud | E39: QB | F39: HOU | G39: 6 | H39: QB19 | I39: 9 | J39: 10+ | K39: Kevin
A40: 39 | B40: Yes | C40: 183 | D40: Brandon Aubrey | E40: K1 | F40: DAL | G40: 10 | H40: K1 | I40: -80 | J40: 10+ | K40: Kevin
A41: 40 | B41: Maybe | C41: 37 | D41: Jalen Hurts | E41: QB | F41: PHI | G41: 9 | H41: QB4 | I41: -3 | J41: 5 | K41: Emiliano
A42: 41 | B42: Maybe | C42: 39 | D42: Alvin Kamara | E42: RB | F42: NO | G42: 11 | H42: RB13 | I42: -2 | J42: 5 | K42: Marcelo
A43: 42 | B43: Maybe | C43: 42 | D43: James Cook | E43: RB | F43: BUF | G43: 7 | H43: RB15 | I43: -14 | J43: 5 | K43: Beto
A44: 43 | B44: Maybe | C44: 45 | D44: DK Metcalf | E44: WR | F44: PIT | G44: 5 | H44: WR22 | I44: 4 | J44: 5 | K44: Beto
A45: 44 | B45: Maybe | C45: 46 | D45: Breece Hall | E45: RB | F45: NYJ | G45: 9 | H45: RB17 | I45: -11 | J45: 5 | K45: Emiliano
A46: 45 | B46: Maybe | C46: 48 | D46: DeVonta Smith | E46: WR | F46: PHI | G46: 9 | H46: WR23 | I46: 6 | J46: 6 | K46: Beto
A47: 46 | B47: Maybe | C47: 55 | D47: Calvin Ridley | E47: WR | F47: TEN | G47: 10 | H47: WR27 | I47: 11 | J47: 6 | K47: Steve
A48: 47 | B48: Maybe | C48: 51 | D48: James Conner | E48: RB | F48: ARI | G48: 8 | H48: RB19 | I48: -5 | J48: 6 | K48: Emiliano
A49: 48 | B49: Maybe | C49: 68 | D49: Rashee Rice | E49: WR | F49: KC | G49: 10 | H49: WR32 | I49: -11 | J49: 7 | K49: Steve
A50: 49 | B50: Maybe | C50: 77 | D50: Jakobi Meyers | E50: WR | F50: LV | G50: 8 | H50: WR37 | I50: 7 | J50: 8
A51: 50 | B51: Maybe | C51: 62 | D51: Patrick Mahomes II | E51: QB | F51: KC | G51: 10 | H51: QB6 | I51: -12 | J51: 7 | K51: Marcelo
A52: 51 | B52: Maybe | C52: 73 | D52: Bo Nix | E52: QB | F52: DEN | G52: 12 | H52: QB8 | I52: -2 | J52: 8
A53: 52 | B53: Maybe | C53: 61 | D53: RJ Harvey | E53: RB | F53: DEN | G53: 12 | H53: RB23 | I53: -1 | J53: 7 | K53: Marcelo
A54: 53 | B54: Maybe | C54: 102 | D54: Cooper Kupp | E54: WR | F54: SEA | G54: 8 | H54: WR46 | I54: -15 | J54: 10+
A55: 54 | B55: Maybe | C55: 76 | D55: Stefon Diggs | E55: WR | F55: NE | G55: 14 | H55: WR36 | I55: 6 | J55: 8
A56: 55 | B56: Maybe | C56: 65 | D56: David Montgomery | E56: RB | F56: DET | G56: 8 | H56: RB24 | I56: -9 | J56: 7 | K56: Steve
A57: 56 | B57: Maybe | C57: 66 | D57: Aaron Jones Sr. | E57: RB | F57: MIN | G57: 6 | H57: RB25 | I57: 2 | J57: 7 | K57: Beto
A58: 57 | B58: Maybe | C58: 70 | D58: Jerry Jeudy | E58: WR | F58: CLE | G58: 9 | H58: WR34 | I58: 4 | J58: 8 | K58: Marcelo
A59: 58 | B59: Maybe | C59: 72 | D59: Sam LaPorta | E59: TE | F59: DET | G59: 8 | H59: TE5 | I59: -20 | J59: 8 | K59: Steve
A60: 59 | B60: Yes | C60: 96 | D60: Zach Charbonnet | E60: RB | F60: SEA | G60: 8 | H60: RB31 | I60: 18 | J60: 10+
A61: 60 | B61: Maybe | C61: 75 | D61: Travis Kelce | E61: TE | F61: KC | G61: 10 | H61: TE6 | I61: -13 | J61: 8
A62: 61 | B62: Maybe | C62: 111 | D62: Jordan Love | E62: QB | F62: GB | G62: 5 | H62: QB17 | I62: 24 | J62: 10+
A63: 62 | B63: Maybe | C63: 80 | D63: Kyler Murray | E63: QB | F63: ARI | G63: 8 | H63: QB9 | I63: 5 | J63: 8
A64: 63 | B64: Maybe | C64: 95 | D64: Justin Herbert | E64: QB | F64: LAC | G64: 12 | H64: QB13 | I64: 14 | J64: 10+
A65: 64 | B65: Maybe | C65: 124 | D65: Keon Coleman | E65: WR | F65: BUF | G65: 7 | H65: WR51 | I65: -5 | J65: 10+
A66: 65 | B66: Yes | C66: 86 | D66: Kaleb Johnson | E66: RB | F66: PIT | G66: 5 | H66: RB29 | I66: -10 | J66: 9
A67: 66 | B67: Maybe | C67: 109 | D67: Jayden Reed | E67: WR | F67: GB | G67: 5 | H67: WR49 | I67: 7 | J67: 10+
A68: 67 | B68: Maybe | C68: 122 | D68: Jacory Croskey-Merritt | E68: RB | F68: WAS | G68: 12 | H68: RB39 | I68: -2 | J68: 10+
A69: 68 | C69: 17 | D69: Brock Bowers | E69: TE | F69: LV | G69: 8 | H69: TE1 | I69: 0 | J69: 3 | K69: Marcelo
A70: 69 | C70: 20 | D70: Jaxon Smith-Njigba | E70: WR | F70: SEA | G70: 8 | H70: WR12 | I70: 12 | J70: 3 | K70: Kevin
A71: 70 | C71: 22 | D71: Tee Higgins | E71: WR | F71: CIN | G71: 10 | H71: WR13 | I71: 7 | J71: 3
A72: 71 | C72: 26 | D72: Lamar Jackson | E72: QB | F72: BAL | G72: 7 | H72: QB2 | I72: -4 | J72: 4 | K72: Steve
A73: 72 | C73: 29 | D73: Tyreek Hill | E73: WR | F73: MIA | G73: 12 | H73: WR15 | I73: 2 | J73: 4 | K73: Marcelo
A74: 73 | C74: 30 | D74: Jonathan Taylor | E74: RB | F74: IND | G74: 11 | H74: RB11 | I74: -11 | J74: 4 | K74: Steve
A75: 74 | C75: 32 | D75: Davante Adams | E75: WR | F75: LAR | G75: 8 | H75: WR16 | I75: 9 | J75: 4
A76: 75 | C76: 38 | D76: DJ Moore | E76: WR | F76: CHI | G76: 5 | H76: WR19 | I76: 9 | J76: 5 | K76: Beto
A77: 76 | C77: 41 | D77: Kenneth Walker III | E77: RB | F77: SEA | G77: 8 | H77: RB14 | I77: 1 | J77: 5 | K77: Steve
A78: 77 | C78: 44 | D78: Courtland Sutton | E78: WR | F78: DEN | G78: 12 | H78: WR21 | I78: 7 | J78: 5 | K78: Roy
A79: 78 | C79: 49 | D79: Tetairoa McMillan | E79: WR | F79: CAR | G79: 14 | H79: WR24 | I79: 12 | J79: 6 | K79: Roy
A80: 79 | C80: 53 | D80: Xavier Worthy | E80: WR | F80: KC | G80: 10 | H80: WR25 | I80: 0 | J80: 6 | K80: Marcelo
A81: 80 | C81: 54 | D81: Jaylen Waddle | E81: WR | F81: MIA | G81: 12 | H81: WR26 | I81: 18 | J81: 6 | K81: Steve
A82: 81 | C82: 56 | D82: Zay Flowers | E82: WR | F82: BAL | G82: 7 | H82: WR28 | I82: 3 | J82: 6 | K82: Roy
A83: 82 | C83: 57 | D83: George Pickens | E83: WR | F83: DAL | G83: 10 | H83: WR29 | I83: 10 | J83: 6 | K83: Emiliano
A84: 83 | C84: 58 | D84: Jameson Williams | E84: WR | F84: DET | G84: 8 | H84: WR30 | I84: 0 | J84: 6 | K84: Emiliano
A85: 84 | C85: 59 | D85: Tony Pollard | E85: RB | F85: TEN | G85: 10 | H85: RB21 | I85: 10 | J85: 7 | K85: Marcelo
A86: 85 | C86: 60 | D86: D'Andre Swift | E86: RB | F86: CHI | G86: 5 | H86: RB22 | I86: -5 | J86: 7 | K86: Steve
A87: 86 | C87: 63 | D87: T.J. Hockenson | E87: TE | F87: MIN | G87: 6 | H87: TE4 | I87: 1 | J87: 7 | K87: Beto
... A89: 88 | C89: 67 | D89: Isiah Pacheco | E89: RB | F89: KC | G89: 10 | H89: RB26 | I89: -4 | J89: 7 | K89: Emiliano
A90: 89 | C90: 69 | D90: Travis Hunter | E90: WR | F90: JAC | G90: 8 | H90: WR33 | I90: 1 | J90: 7
A91: 90 | C91: 71 | D91: Baker Mayfield | E91: QB | F91: TB | G91: 9 | H91: QB7 | I91: -6 | J91: 8
A92: 91 | C92: 74 | D92: Rome Odunze | E92: WR | F92: CHI | G92: 5 | H92: WR35 | I92: 4 | J92: 8
A93: 92 | C93: 78 | D93: Tyrone Tracy Jr. | E93: RB | F93: NYG | G93: 14 | H93: RB27 | I93: 1 | J93: 8
A94: 93 | C94: 79 | D94: Jaylen Warren | E94: RB | F94: PIT | G94: 5 | H94: RB28 | I94: 7 | J94: 8
A95: 94 | C95: 81 | D95: David Njoku | E95: TE | F95: CLE | G95: 9 | H95: TE7 | I95: 2 | J95: 9
A96: 95 | C96: 84 | D96: Dak Prescott | E96: QB | F96: DAL | G96: 10 | H96: QB10 | I96: 15 | J96: 9
A97: 96 | C97: 85 | D97: Evan Engram | E97: TE | F97: DEN | G97: 12 | H97: TE8 | I97: -4 | J97: 9
A98: 97 | C98: 87 | D98: Mark Andrews | E98: TE | F98: BAL | G98: 7 | H98: TE9 | I98: -14 | J98: 9
A99: 98 | C99: 88 | D99: Travis Etienne Jr. | E99: RB | F99: JAC | G99: 8 | H99: RB30 | I99: 7 | J99: 9
A100: 99 | C100: 89 | D100: Brock Purdy | E100: QB | F100: SF | G100: 14 | H100: QB11 | I100: 7 | J100: 9
A101: 100 | C101: 90 | D101: Khalil Shakir | E101: WR | F101: BUF | G101: 7 | H101: WR40 | I101: 7 | J101: 9
A102: 101 | C102: 91 | D102: Justin Fields | E102: QB | F102: NYJ | G102: 9 | H102: QB12 | I102: 17 | J102: 9
A103: 102 | C103: 92 | D103: Jauan Jennings | E103: WR | F103: SF | G103: 14 | H103: WR41 | I103: 8 | J103: 10+
A104: 103 | C104: 93 | D104: Jordan Addison | E104: WR | F104: MIN | G104: 6 | H104: WR42 | I104: -5 | J104: 10+
A105: 104 | C105: 94 | D105: Deebo Samuel Sr. | E105: WR | F105: WAS | G105: 12 | H105: WR43 | I105: -14 | J105: 10+ | K105: Roy
A106: 105 | C106: 97 | D106: Caleb Williams | E106: QB | F106: CHI | G106: 5 | H106: QB14 | I106: 20 | J106: 10+
A107: 106 | C107: 98 | D107: Josh Downs | E107: WR | F107: IND | G107: 11 | H107: WR44 | I107: 23 | J107: 10+
A108: 107 | C108: 99 | D108: Michael Pittman Jr. | E108: WR | F108: IND | G108: 11 | H108: WR45 | I108: 16 | J108: 10+
A109: 108 | C109: 100 | D109: Drake Maye | E109: QB | F109: NE | G109: 14 | H109: QB15 | I109: 26 | J109: 10+
A110: 109 | C110: 101 | D110: Javonte Williams | E110: RB | F110: DAL | G110: 10 | H110: RB32 | I110: 6 | J110: 10+
A111: 110 | C111: 103 | D111: Jordan Mason | E111: RB | F111: MIN | G111: 6 | H111: RB33 | I111: -1 | J111: 10+
A112: 111 | C112: 104 | D112: Jared Goff | E112: QB | F112: DET | G112: 8 | H112: QB16 | I112: -6 | J112: 10+
A113: 112 | C113: 105 | D113: Tucker Kraft | E113: TE | F113: GB | G113: 5 | H113: TE10 | I113: 6 | J113: 10+
A114: 113 | C114: 106 | D114: Chris Godwin Jr. | E114: WR | F114: TB | G114: 9 | H114: WR47 | I114: -14 | J114: 10+
A115: 114 | C115: 107 | D115: Matthew Golden | E115: WR | F115: GB | G115: 5 | H115: WR48 | I115: -17 | J115: 10+ | K115: Beto
A116: 115 | C116: 110 | D116: Joe Mixon | E116: RB | F116: HOU | G116: 6 | H116: RB34 | I116: -35 | J116: 10+
A117: 116 | C117: 112 | D117: J.K. Dobbins | E117: RB | F117: DEN | G117: 12 | H117: RB35 | I117: -7 | J117: 10+
A118: 117 | C118: 113 | D118: Trevor Lawrence | E118: QB | F118: JAC | G118: 8 | H118: QB18 | I118: 44 | J118: 10+
A119: 118 | C119: 114 | D119: Jake Ferguson | E119: TE | F119: DAL | G119: 10 | H119: TE12 | I119: 20 | J119: 10+
A120: 119 | C120: 115 | D120: Rhamondre Stevenson | E120: RB | F120: NE | G120: 14 | H120: RB36 | I120: -5 | J120: 10+
A121: 120 | C121: 117 | D121: Austin Ekeler | E121: RB | F121: WAS | G121: 12 | H121: RB37 | I121: 5 | J121: 10+
A122: 121 | C122: 118 | D122: J.J. McCarthy | E122: QB | F122: MIN | G122: 6 | H122: QB20 | I122: 23 | J122: 10+
A123: 122 | C123: 119 | D123: Dalton Kincaid | E123: TE | F123: BUF | G123: 7 | H123: TE13 | I123: 5 | J123: 10+
A124: 123 | C124: 120 | D124: Tank Bigsby | E124: RB | F124: JAC | G124: 8 | H124: RB38 | I124: 11 | J124: 10+
...

Sheet QB
A1: rank | B1: player | C1: Interest | D1: cmp | E1: att | F1: pct | G1: yds | H1: y/a | I1: td | J1: int | K1: sacks | L1: att | M1: yds | N1: td | O1: fl | P1: g | Q1: fpts | R1: fpts/g | S1: pos | T1: team
A2: 1 | B2: Josh Allen | C2: Yes | D2: 385 | E2: 579 | F2: 66.5 | G2: 4306 | H2: 7.4 | I2: 29 | J2: 18 | K2: 24 | L2: 111 | M2: 524 | N2: 15 | O2: 4 | P2: 17 | Q2: 410.9 | R2: 24.2 | S2: QB | T2: BUF
A3: 2 | B3: Jalen Hurts | D3: 352 | E3: 538 | F3: 65.4 | G3: 3858 | H3: 7.2 | I3: 23 | J3: 15 | K3: 36 | L3: 157 | M3: 605 | N3: 15 | O3: 5 | P3: 17 | Q3: 371.9 | R3: 21.9 | S3: QB | T3: PHI
A4: 3 | B4: Dak Prescott | D4: 410 | E4: 590 | F4: 69.5 | G4: 4516 | H4: 7.7 | I4: 36 | J4: 9 | K4: 39 | L4: 55 | M4: 242 | N4: 2 | O4: 2 | P4: 17 | Q4: 352 | R4: 20.7 | S4: QB | T4: DAL
A5: 4 | B5: Lamar Jackson | D5: 307 | E5: 457 | F5: 67.2 | G5: 3678 | H5: 8 | I5: 24 | J5: 7 | K5: 37 | L5: 148 | M5: 821 | N5: 5 | O5: 6 | P5: 16 | Q5: 338.2 | R5: 21.1 | S5: QB | T5: BAL
A6: 5 | B6: Jordan Love | C6: Yes | D6: 372 | E6: 579 | F6: 64.2 | G6: 4159 | H6: 7.2 | I6: 32 | J6: 11 | K6: 30 | L6: 50 | M6: 247 | N6: 4 | O6: 3 | P6: 17 | Q6: 330.1 | R6: 19.4 | S6: QB | T6: GB
A7: 6 | B7: Brock Purdy | D7: 308 | E7: 444 | F7: 69.4 | G7: 4280 | H7: 9.6 | I7: 31 | J7: 11 | K7: 28 | L7: 39 | M7: 144 | N7: 2 | O7: 2 | P7: 16 | Q7: 306.6 | R7: 19.2 | S7: QB | T7: SF
A8: 7 | B8: Jared Goff | C8: Yes | D8: 407 | E8: 605 | F8: 67.3 | G8: 4575 | H8: 7.6 | I8: 30 | J8: 12 | K8: 30 | L8: 32 | M8: 21 | N8: 2 | O8: 3 | P8: 17 | Q8: 302.9 | R8: 17.8 | S8: QB | T8: DET
A9: 8 | B9: Patrick Mahomes II | C9: Yes | D9: 401 | E9: 597 | F9: 67.2 | G9: 4183 | H9: 7 | I9: 27 | J9: 14 | K9: 27 | L9: 75 | M9: 389 | N9: 0 | O9: 3 | P9: 16 | Q9: 294.1 | R9: 18.4 | S9: QB | T9: KC
A10: 9 | B10: Tua Tagovailoa | D10: 388 | E10: 560 | F10: 69.3 | G10: 4624 | H10: 8.3 | I10: 29 | J10: 14 | K10: 29 | L10: 35 | M10: 74 | N10: 0 | O10: 5 | P10: 17 | Q10: 284.4 | R10: 16.7 | S10: QB | T10: MIA
A11: 10 | B11: Baker Mayfield | D11: 364 | E11: 566 | F11: 64.3 | G11: 4044 | H11: 7.1 | I11: 28 | J11: 10 | K11: 40 | L11: 62 | M11: 163 | N11: 1 | O11: 3 | P11: 17 | Q11: 284 | R11: 16.7 | S11: QB | T11: TB
A12: 11 | B12: C.J. Stroud | D12: 319 | E12: 499 | F12: 63.9 | G12: 4108 | H12: 8.2 | I12: 23 | J12: 5 | K12: 38 | L12: 39 | M12: 167 | N12: 3 | O12: 4 | P12: 15 | Q12: 281.1 | R12: 18.7 | S12: QB | T12: HOU
A13: 12 | B13: Sam Howell | D13: 388 | E13: 612 | F13: 63.4 | G13: 3946 | H13: 6.4 | I13: 21 | J13: 21 | K13: 65 | L13: 48 | M13: 263 | N13: 5 | O13: 2 | P13: 17 | Q13: 278.6 | R13: 16.4 | S13: QB | T13: SEA
A14: 13 | B14: Trevor Lawrence | D14: 370 | E14: 564 | F14: 65.6 | G14: 4016 | H14: 7.1 | I14: 21 | J14: 14 | K14: 35 | L14: 70 | M14: 339 | N14: 4 | O14: 7 | P14: 16 | Q14: 276.6 | R14: 17.3 | S14: QB | T14: JAC
A15: 14 | B15: Russell Wilson | D15: 297 | E15: 447 | F15: 66.4 | G15: 3070 | H15: 6.9 | I15: 26 | J15: 8 | K15: 45 | L15: 80 | M15: 341 | N15: 3 | O15: 5 | P15: 15 | Q15: 264.9 | R15: 17.7 | S15: QB | T15: PIT
A16: 15 | B16: Matthew Stafford | D16: 326 | E16: 521 | F16: 62.6 | G16: 3965 | H16: 7.6 | I16: 24 | J16: 11 | K16: 30 | L16: 21 | M16: 65 | N16: 0 | O16: 0 | P16: 15 | Q16: 254.3 | R16: 17 | S16: QB | T16: LAR
A17: 16 | B17: Derek Carr | D17: 375 | E17: 548 | F17: 68.4 | G17: 3878 | H17: 7.1 | I17: 25 | J17: 8 | K17: 31 | L17: 32 | M17: 40 | N17: 0 | O17: 3 | P17: 17 | Q17: 249.1 | R17: 14.7 | S17: QB | T17: NO
A18: 17 | B18: Justin Herbert | D18: 297 | E18: 456 | F18: 65.1 | G18: 3134 | H18: 6.9 | I18: 20 | J18: 7 | K18: 29 | L18: 52 | M18: 228 | N18: 3 | O18: 1 | P18: 13 | Q18: 241.2 | R18: 18.6 | S18: QB | T18: LAC
A19: 18 | B19: Justin Fields | D19: 227 | E19: 370 | F19: 61.4 | G19: 2562 | H19: 6.9 | I19: 16 | J19: 9 | K19: 44 | L19: 124 | M19: 657 | N19: 4 | O19: 4 | P19: 13 | Q19: 239.1 | R19: 18.4 | S19: QB | T19: PIT
A20: 19 | B20: Geno Smith | D20: 323 | E20: 499 | F20: 64.7 | G20: 3624 | H20: 7.3 | I20: 20 | J20: 9 | K20: 31 | L20: 37 | M20: 155 | N20: 1 | O20: 3 | P20: 15 | Q20: 236.4 | R20: 15.8 | S20: QB | T20: SEA
A21: 20 | B21: Joshua Dobbs | D21: 262 | E21: 417 | F21: 62.8 | G21: 2464 | H21: 5.9 | I21: 13 | J21: 10 | K21: 30 | L21: 77 | M21: 421 | N21: 6 | O21: 7 | P21: 13 | Q21: 210.5 | R21: 16.2 | S21: QB | T21: SF
... A127: 126 | B127: Kyle Allen | D127: 0 | E127: 0 | F127: 0 | G127: 0 | H127: 0 | I127: 0 | J127: 0 | K127: 0 | L127: 13 | M127: -13 | N127: 0 | O127: 0 | P127: 7 | Q127: -1.3 | R127: -0.2 | S127: QB | T127: PIT

Sheet RB
A1: rank | B1: player | C1: team | D1: DB1 | E1: att | F1: yds | G1: 20+ | H1: td | I1: rec | J1: tgt | K1: fl | L1: g | M1: fpts | N1: avg_snap_pct_played | O1: avg_snap_pct_global | P1: rb_targets | Q1: rb_pct | R1: total_targets | S1: att/g | T1: score | U1: yds/att | V1: tgt/g | W1: rec/g | X1: td/g
A2: 8 | B2: Derrick Henry | C2: BAL | D2: x | E2: 280 | F2: 1167 | G2: 5 | H2: 12 | I2: 28 | J2: 36 | K2: 0 | L2: 17 | M2: 246.7 | N2: 53.588235 | O2: 53.588235 | P2: 79 | Q2: 16.6 | R2: 476 | S2: 16.470588 | T2: 5 | U2: 4.1678571 | V2: 2.1176471 | W2: 1.6470588 | X2: 0.70588235
A3: 1 | B3: Christian McCaffrey | C3: SF | E3: 272 | F3: 1459 | G3: 9 | H3: 14 | I3: 67 | J3: 83 | K3: 2 | L3: 16 | M3: 391.3 | N3: 81.6875 | O3: 76.882353 | P3: 112 | Q3: 23.8 | R3: 471 | S3: 17 | T3: 10 | U3: 5.3639706 | V3: 5.1875 | W3: 4.1875 | X3: 0.875
A4: 4 | B4: Rachaad White | C4: TB | D4: x | E4: 272 | F4: 990 | G4: 3 | H4: 6 | I4: 64 | J4: 70 | K4: 2 | L4: 17 | M4: 267.9 | N4: 78.411765 | O4: 78.411765 | P4: 94 | Q4: 17.1 | R4: 550 | S4: 16 | T4: 10 | U4: 3.6397059 | V4: 4.1176471 | W4: 3.7647059 | X4: 0.35294118
A5: 3 | B5: Travis Etienne Jr. | C5: JAC | D5: x | E5: 267 | F5: 1008 | G5: 6 | H5: 11 | I5: 58 | J5: 73 | K5: 0 | L5: 17 | M5: 282.4 | N5: 73.352941 | O5: 73.352941 | P5: 91 | Q5: 15 | R5: 607 | S5: 15.705882 | T5: 9.5 | U5: 3.7752809 | V5: 4.2941176 | W5: 3.4117647 | X5: 0.64705882
A6: 6 | B6: Joe Mixon | C6: HOU | E6: 257 | F6: 1034 | G6: 3 | H6: 9 | I6: 52 | J6: 64 | K6: 0 | L6: 17 | M6: 267 | N6: 68.882353 | O6: 68.882353 | P6: 71 | Q6: 12.6 | R6: 565 | S6: 15.117647 | T6: 9 | U6: 4.0233463 | V6: 3.7647059 | W6: 3.0588235 | X6: 0.52941176
A7: 23 | B7: Najee Harris | C7: PIT | E7: 255 | F7: 1035 | G7: 8 | H7: 8 | I7: 29 | J7: 38 | K7: 1 | L7: 17 | M7: 195.5 | N7: 53 | O7: 53 | P7: 114 | Q7: 23.6 | R7: 484 | S7: 15 | T7: 5.5 | U7: 4.0588235 | V7: 2.2352941 | W7: 1.7058824 | X7: 0.47058824
A8: 14 | B8: Tony Pollard | C8: TEN | E8: 252 | F8: 1005 | G8: 6 | H8: 6 | I8: 55 | J8: 67 | K8: 1 | L8: 17 | M8: 222.6 | N8: 70.529412 | O8: 70.529412 | P8: 106 | Q8: 22.3 | R8: 476 | S8: 14.823529 | T8: 9 | U8: 3.9880952 | V8: 3.9411765 | W8: 3.2352941 | X8: 0.35294118
A9: 13 | B9: Saquon Barkley | C9: PHI | D9: x | E9: 247 | F9: 962 | G9: 7 | H9: 6 | I9: 41 | J9: 60 | K9: 2 | L9: 14 | M9: 223.2 | N9: 78.857143 | O9: 64.941176 | P9: 93 | Q9: 17.7 | R9: 525 | S9: 17.642857 | T9: 8 | U9: 3.8947368 | V9: 4.2857143 | W9: 2.9285714 | X9: 0.42857143
A10: 27 | B10: Chuba Hubbard | C10: CAR | E10: 238 | F10: 902 | G10: 4 | H10: 5 | I10: 39 | J10: 44 | K10: 0 | L10: 17 | M10: 182.5 | N10: 59.529412 | O10: 59.529412 | P10: 92 | Q10: 17.2 | R10: 534 | S10: 14 | T10: 7 | U10: 3.789916 | V10: 2.5882353 | W10: 2.2941176 | X10: 0.29411765
A11: 12 | B11: James Cook | C11: BUF | E11: 237 | F11: 1122 | G11: 6 | H11: 2 | I11: 44 | J11: 54 | K11: 2 | L11: 17 | M11: 232.7 | N11: 54.823529 | O11: 54.823529 | P11: 86 | Q11: 15.8 | R11: 545 | S11: 13.941176 | T11: 7.5 | U11: 4.7341772 | V11: 3.1764706 | W11: 2.5882353 | X11: 0.11764706
A12: 28 | B12: Josh Jacobs | C12: GB | D12: x | E12: 233 | F12: 805 | G12: 3 | H12: 6 | I12: 37 | J12: 54 | K12: 1 | L12: 13 | M12: 181.1 | N12: 76.076923 | O12: 58.176471 | P12: 94 | Q12: 16.8 | R12: 561 | S12: 17.923077 | T12: 8 | U12: 3.4549356 | V12: 4.1538462 | W12: 2.8461538 | X12: 0.46153846
A13: 20 | B13: D'Andre Swift | C13: CHI | E13: 229 | F13: 1049 | G13: 6 | H13: 5 | I13: 39 | J13: 49 | K13: 1 | L13: 16 | M13: 199.3 | N13: 57.9375 | O13: 54.529412 | P13: 106 | Q13: 22.2 | R13: 477 | S13: 14.3125 | T13: 7 | U13: 4.580786 | V13: 3.0625 | W13: 2.4375 | X13: 0.3125
A14: 7 | B14: Kyren Williams | C14: LAR | D14: x | E14: 228 | F14: 1144 | G14: 7 | H14: 12 | I14: 32 | J14: 48 | K14: 2 | L14: 12 | M14: 255 | N14: 82.75 | O14: 58.411765 | P14: 69 | Q14: 12.4 | R14: 555 | S14: 19 | T14: 7.5 | U14: 5.0175439 | V14: 4 | W14: 2.6666667 | X14: 1
A15: 2 | B15: Breece Hall | C15: NYJ | D15: x | E15: 223 | F15: 994 | G15: 7 | H15: 5 | I15: 76 | J15: 95 | K15: 0 | L15: 17 | M15: 290.5 | N15: 59.176471 | O15: 59.176471 | P15: 149 | Q15: 26.5 | R15: 562 | S15: 13.117647 | T15: 10 | U15: 4.4573991 | V15: 5.5882353 | W15: 4.4705882 | X15: 0.29411765
A16: 17 | B16: David Montgomery | C16: DET | E16: 219 | F16: 1015 | G16: 4 | H16: 13 | I16: 16 | J16: 24 | K16: 1 | L16: 14 | M16: 207.2 | N16: 48.357143 | O16: 39.823529 | P16: 102 | Q16: 17.9 | R16: 571 | S16: 15.642857 | T16: 3.5 | U16: 4.6347032 | V16: 1.7142857 | W16: 1.1428571 | X16: 0.92857143
A17: 19 | B17: Kenneth Walker III | C17: SEA | E17: 219 | F17: 905 | G17: 7 | H17: 8 | I17: 29 | J17: 37 | K17: 0 | L17: 15 | M17: 199.4 | N17: 54.2 | O17: 47.823529 | P17: 86 | Q17: 15.8 | R17: 546 | S17: 14.6 | T17: 6.5 | U17: 4.1324201 | V17: 2.4666667 | W17: 1.9333333 | X17: 0.53333333
A18: 29 | B18: Javonte Williams | C18: DEN | E18: 217 | F18: 774 | G18: 2 | H18: 3 | I18: 47 | J18: 58 | K18: 1 | L18: 16 | M18: 179.2 | N18: 48.0625 | O18: 45.235294 | P18: 153 | Q18: 32.1 | R18: 477 | S18: 13.5625 | T18: 8 | U18: 3.5668203 | V18: 3.625 | W18: 2.9375 | X18: 0.1875
A19: 32 | B19: Devin Singletary | C19: NYG | E19: 216 | F19: 898 | G19: 3 | H19: 4 | I19: 30 | J19: 38 | K19: 0 | L19: 17 | M19: 167.3 | N19: 55.823529 | O19: 55.823529 | P19: 98 | Q19: 20.2 | R19: 484 | S19: 12.705882 | T19: 5.5 | U19: 4.1574074 | V19: 2.2352941 | W19: 1.7647059 | X19: 0.23529412
A20: 9 | B20: Bijan Robinson | C20: ATL | D20: x | E20: 214 | F20: 976 | G20: 7 | H20: 4 | I20: 58 | J20: 86 | K20: 3 | L20: 17 | M20: 246.3 | N20: 68 | O20: 68 | P20: 124 | Q20: 24.5 | R20: 507 | S20: 12.588235 | T20: 9.5 | U20: 4.5607477 | V20: 5.0588235 | W20: 3.4117647 | X20: 0.23529412
A21: 5 | B21: Raheem Mostert | C21: MIA | E21: 209 | F21: 1012 | G21: 7 | H21: 18 | I21: 25 | J21: 32 | K21: 1 | L21: 15 | M21: 267.7 | N21: 56.6 | O21: 49.941176 | P21: 125 | Q21: 22.8 | R21: 549 | S21: 13.933333 | T21: 5 | U21: 4.8421053 | V21: 2.1333333 | W21: 1.6666667 | X21: 1.2
A22: 18 | B22: James Conner | C22: ARI | E22: 208 | F22: 1040 | G22: 11 | H22: 7 | I22: 27 | J22: 33 | K22: 0 | L22: 13 | M22: 201.5 | N22: 61.615385 | O22: 47.117647 | P22: 84 | Q22: 15.6 | R22: 540 | S22: 16 | T22: 6.5 | U22: 5 | V22: 2.5384615 | W22: 2.0769231 | X22: 0.53846154
A23: 15 | B23: Isiah Pacheco | C23: KC | E23: 205 | F23: 935 | G23: 6 | H23: 7 | I23: 44 | J23: 49 | K23: 1 | L23: 14 | M23: 213.9 | N23: 61.214286 | O23: 50.411765 | P23: 108 | Q23: 18.1 | R23: 598 | S23: 14.642857 | T23: 9 | U23: 4.5609756 | V23: 3.5 | W23: 3.1428571 | X23: 0.5
A24: 16 | B24: Jerome Ford | C24: CLE | E24: 204 | F24: 813 | G24: 5 | H24: 4 | I24: 44 | J24: 63 | K24: 1 | L24: 17 | M24: 211.2 | N24: 50.529412 | O24: 50.529412 | P24: 96 | Q24: 16.1 | R24: 597 | S24: 12 | T24: 7.5 | U24: 3.9852941 | V24: 3.7058824 | W24: 2.5882353 | X24: 0.23529412
A25: 25 | B25: Gus Edwards | C25: LAC | E25: 198 | F25: 810 | G25: 6 | H25: 13 | I25: 12 | J25: 13 | K25: 2 | L25: 17 | M25: 187 | N25: 42.294118 | O25: 42.294118 | P25: 94 | Q25: 15.3 | R25: 613 | S25: 11.647059 | T25: 2 | U25: 4.0909091 | V25: 0.76470588 | W25: 0.70588235 | X25: 0.76470588
A26: 36 | B26: Tyler Allgeier | C26: ATL | E26: 186 | F26: 683 | G26: 2 | H26: 4 | I26: 18 | J26: 23 | K26: 0 | L26: 17 | M26: 137.6 | N26: 32.235294 | O26: 32.235294 | P26: 124 | Q26: 24.5 | R26: 507 | S26: 10.941176 | T26: 3 | U26: 3.672043 | V26: 1.3529412 | W26: 1.0588235 | X26: 0.23529412
A27: 30 | B27: Ezekiel Elliott | C27: DAL | E27: 184 | F27: 642 | G27: 0 | H27: 3 | I27: 51 | J27: 65 | K27: 1 | L27: 17 | M27: 174.5 | N27: 53.058824 | O27: 53.058824 | P27: 100 | Q27: 16.5 | R27: 605 | S27: 10.823529 | T27: 8.5 | U27: 3.4891304 | V27: 3.8235294 | W27: 3 | X27: 0.17647059
A28: 31 | B28: Zack Moss | C28: CIN | E28: 183 | F28: 794 | G28: 6 | H28: 5 | I28: 27 | J28: 37 | K28: 0 | L28: 14 | M28: 169.6 | N28: 55.5 | O28: 45.705882 | P28: 89 | Q28: 15.1 | R28: 591 | S28: 13.071429 | T28: 6 | U28: 4.3387978 | V28: 2.6428571 | W28: 1.9285714 | X28: 0.35714286
A29: 10 | B29: Jahmyr Gibbs | C29: DET | D29: x | E29: 182 | F29: 945 | G29: 10 | H29: 10 | I29: 52 | J29: 71 | K29: 1 | L29: 15 | M29: 242.1 | N29: 56.066667 | O29: 49.470588 | P29: 102 | Q29: 17.9 | R29: 571 | S29: 12.133333 | T29: 9.5 | U29: 5.1923077 | V29: 4.7333333 | W29: 3.4666667 | X29: 0.66666667
A30: 11 | B30: Alvin Kamara | C30: NO | E30: 180 | F30: 694 | G30: 0 | H30: 5 | I30: 75 | J30: 86 | K30: 0 | L30: 13 | M30: 233 | N30: 62.076923 | O30: 47.470588 | P30: 128 | Q30: 22.1 | R30: 579 | S30: 13.846154 | T30: 10 | U30: 3.8555556 | V30: 6.6153846 | W30: 5.7692308 | X30: 0.38461538
A31: 38 | B31: Alexander Mattison | C31: LV | E31: 180 | F31: 700 | G31: 1 | H31: 0 | I31: 30 | J31: 44 | K31: 2 | L31: 16 | M31: 133.2 | N31: 54.8125 | O31: 51.588235 | P31: 99 | Q31: 18.6 | R31: 531 | S31: 11.25 | T31: 6 | U31: 3.8888889 | V31: 2.75 | W31: 1.875 | X31: 0
A32: 26 | B32: Austin Ekeler | C32: WAS | E32: 179 | F32: 628 | G32: 3 | H32: 5 | I32: 51 | J32: 74 | K32: 4 | L32: 14 | M32: 185.4 | N32: 65.5 | O32: 53.941176 | P32: 108 | Q32: 18 | R32: 600 | S32: 12.785714 | T32: 10 | U32: 3.5083799 | V32: 5.2857143 | W32: 3.6428571 | X32: 0.35714286
A33: 21 | B33: Brian Robinson Jr. | C33: WAS | E33: 178 | F33: 733 | G33: 4 | H33: 5 | I33: 36 | J33: 43 | K33: 2 | L33: 15 | M33: 198.1 | N33: 49.4 | O33: 43.588235 | P33: 108 | Q33: 18 | R33: 600 | S33: 11.866667 | T33: 7 | U33: 4.1179775 | V33: 2.8666667 | W33: 2.4 | X33: 0.33333333
A34: 42 | B34: AJ Dillon | C34: GB | E34: 178 | F34: 613 | G34: 1 | H34: 2 | I34: 22 | J34: 28 | K34: 0 | L34: 15 | M34: 117.6 | N34: 51.266667 | O34: 45.235294 | P34: 94 | Q34: 16.8 | R34: 561 | S34: 11.866667 | T34: 4.5 | U34: 3.4438202 | V34: 1.8666667 | W34: 1.4666667 | X34: 0.13333333
A35: 33 | B35: Jonathan Taylor | C35: IND | E35: 169 | F35: 741 | G35: 4 | H35: 7 | I35: 19 | J35: 23 | K35: 0 | L35: 10 | M35: 156.4 | N35: 58.6 | O35: 34.470588 | P35: 83 | Q35: 15.2 | R35: 546 | S35: 16.9 | T35: 6 | U35: 4.3846154 | V35: 2.3 | W35: 1.9 | X35: 0.7
A36: 35 | B36: Rhamondre Stevenson | C36: NE | E36: 156 | F36: 619 | G36: 1 | H36: 4 | I36: 38 | J36: 51 | K36: 1 | L36: 12 | M36: 145.7 | N36: 62.25 | O36: 43.941176 | P36: 131 | Q36: 24.2 | R36: 541 | S36: 13 | T36: 9 | U36: 3.9679487 | V36: 4.25 | W36: 3.1666667 | X36: 0.33333333
A37: 22 | B37: Jaylen Warren | C37: PIT | E37: 149 | F37: 784 | G37: 6 | H37: 4 | I37: 61 | J37: 74 | K37: 2 | L37: 17 | M37: 196.4 | N37: 48.529412 | O37: 48.529412 | P37: 114 | Q37: 23.6 | R37: 484 | S37: 8.7647059 | T37: 9.5 | U37: 5.261745 | V37: 4.3529412 | W37: 3.5882353 | X37: 0.23529412
A38: 55 | B38: Dameon Pierce | C38: HOU | E38: 145 | F38: 416 | G38: 1 | H38: 2 | I38: 13 | J38: 17 | K38: 0 | L38: 14 | M38: 82.7 | N38: 34.615385 | O38: 26.470588 | P38: 71 | Q38: 12.6 | R38: 565 | S38: 10.357143 | T38: 2 | U38: 2.8689655 | V38: 1.2142857 | W38: 0.92857143 | X38: 0.14285714
A39: 37 | B39: Aaron Jones | C39: MIN | E39: 142 | F39: 656 | G39: 3 | H39: 2 | I39: 30 | J39: 43 | K39: 1 | L39: 11 | M39: 134.9 | N39: 49.272727 | O39: 31.882353 | P39: 90 | Q39: 14.9 | R39: 606 | S39: 12.909091 | T39: 8 | U39: 4.6197183 | V39: 3.9090909 | W39: 2.7272727 | X39: 0.18181818
A40: 41 | B40: Kareem Hunt | C40: FA | E40: 135 | F40: 411 | G40: 0 | H40: 9 | I40: 15 | J40: 21 | K40: 0 | L40: 15 | M40: 118.5 | N40: 31.066667 | O40: 27.411765 | S40: 9 | T40: 2.5 | U40: 3.0444444 | V40: 1.4 | W40: 1 | X40: 0.6
A41: 43 | B41: Khalil Herbert | C41: CHI | E41: 132 | F41: 611 | G41: 5 | H41: 2 | I41: 20 | J41: 31 | K41: 1 | L41: 12 | M41: 112.5 | N41: 45.666667 | O41: 32.235294 | P41: 106 | Q41: 22.2 | R41: 477 | S41: 11 | T41: 5 | U41: 4.6287879 | V41: 2.5833333 | W41: 1.6666667 | X41: 0.16666667
A42: 52 | B42: Miles Sanders | C42: CAR | E42: 129 | F42: 432 | G42: 1 | H42: 1 | I42: 27 | J42: 41 | K42: 2 | L42: 16 | M42: 87.6 | N42: 36.9375 | O42: 34.764706 | P42: 92 | Q42: 17.2 | R42: 534 | S42: 8.0625 | T42: 5.5 | U42: 3.3488372 | V42: 2.5625 | W42: 1.6875 | X42: 0.0625
A43: 51 | B43: D'Onta Foreman | C43: CLE | E43: 109 | F43: 425 | G43: 1 | H43: 4 | I43: 11 | J43: 16 | K43: 0 | L43: 9 | M43: 91.2 | N43: 42.666667 | O43: 22.588235 | P43: 96 | Q43: 16.1 | R43: 597 | S43: 12.111111 | T43: 4 | U43: 3.8990826 | V43: 1.7777778 | W43: 1.2222222 | X43: 0.44444444
A44: 45 | B44: Zach Charbonnet | C44: SEA | E44: 108 | F44: 462 | G44: 4 | H44: 1 | I44: 33 | J44: 40 | K44: 0 | L44: 16 | M44: 106.1 | N44: 48.6875 | O44: 45.823529 | P44: 86 | Q44: 15.8 | R44: 546 | S44: 6.75 | T44: 6.5 | U44: 4.2777778 | V44: 2.5 | W44: 2.0625 | X44: 0.0625
A45: 60 | B45: Joshua Kelley | C45: FA | E45: 107 | F45: 405 | G45: 2 | H45: 2 | I45: 8 | J45: 12 | K45: 1 | L45: 17 | M45: 61.7 | N45: 34 | O45: 34 | S45: 6.2941176 | T45: 1 | U45: 3.7850467 | V45: 0.70588235 | W45: 0.47058824 | X45: 0.11764706
A46: 61 | B46: Jamaal Williams | C46: NO | E46: 106 | F46: 306 | G46: 0 | H46: 1 | I46: 18 | J46: 20 | K46: 0 | L46: 13 | M46: 60.8 | N46: 37.538462 | O46: 28.705882 | P46: 128 | Q46: 22.1 | R46: 579 | S46: 8.1538462 | T46: 4.5 | U46: 2.8867925 | V46: 1.5384615 | W46: 1.3846154 | X46: 0.076923077
A47: 56 | B47: Zamir White | C47: LV | E47: 104 | F47: 451 | G47: 2 | H47: 1 | I47: 15 | J47: 19 | K47: 1 | L47: 15 | M47: 73.9 | N47: 24.133333 | O47: 21.294118 | P47: 99 | Q47: 18.6 | R47: 531 | S47: 6.9333333 | T47: 2.5 | U47: 4.3365385 | V47: 1.2666667 | W47: 1 | X47: 0.066666667
A48: 24 | B48: De'Von Achane | C48: MIA | D48: x | E48: 103 | F48: 800 | G48: 8 | H48: 8 | I48: 27 | J48: 37 | K48: 1 | L48: 11 | M48: 190.7 | N48: 43.181818 | O48: 27.941176 | P48: 125 | Q48: 22.8 | R48: 549 | S48: 9.3636364 | T48: 7 | U48: 7.7669903 | V48: 3.3636364 | W48: 2.4545455 | X48: 0.72727273
A49: 48 | B49: Ty Chandler | C49: MIN | E49: 102 | F49: 461 | G49: 3 | H49: 3 | I49: 21 | J49: 25 | K49: 0 | L49: 16 | M49: 101 | N49: 36.076923 | O49: 27.588235 | P49: 90 | Q49: 14.9 | R49: 606 | S49: 6.375 | T49: 4 | U49: 4.5196078 | V49: 1.5625 | W49: 1.3125 | X49: 0.1875
A50: 34 | B50: Tyjae Spears | C50: TEN | D50: x | E50: 100 | F50: 453 | G50: 3 | H50: 2 | I50: 52 | J50: 70 | K50: 0 | L50: 17 | M50: 153.8 | N50: 52.352941 | O50: 52.352941 | P50: 106 | Q50: 22.3 | R50: 476 | S50: 5.8823529 | T50: 9 | U50: 4.53 | V50: 4.1176471 | W50: 3.0588235 | X50: 0.11764706
A51: 50 | B51: Rico Dowdle | C51: DAL | E51: 89 | F51: 361 | G51: 2 | H51: 2 | I51: 17 | J51: 22 | K51: 0 | L51: 16 | M51: 91.5 | N51: 22.125 | O51: 20.823529 | P51: 100 | Q51: 16.5 | R51: 605 | S51: 5.5625 | T51: 3 | U51: 4.0561798 | V51: 1.375 | W51: 1.0625 | X51: 0.125
A52: 44 | B52: Justice Hill | C52: BAL | E52: 84 | F52: 387 | G52: 2 | H52: 3 | I52: 28 | J52: 39 | K52: 1 | L52: 16 | M52: 109.3 | N52: 40.8125 | O52: 38.411765 | P52: 79 | Q52: 16.6 | R52: 476 | S52: 5.25 | T52: 5.5 | U52: 4.6071429 | V52: 2.4375 | W52: 1.75 | X52: 0.1875
A53: 49 | B53: Kenneth Gainwell | C53: PHI | E53: 84 | F53: 364 | G53: 3 | H53: 2 | I53: 30 | J53: 37 | K53: 1 | L53: 16 | M53: 97.4 | N53: 41.25 | O53: 38.823529 | P53: 93 | Q53: 17.7 | R53: 525 | S53: 5.25 | T53: 6 | U53: 4.3333333 | V53: 2.3125 | W53: 1.875 | X53: 0.125
A54: 47 | B54: Roschon Johnson | C54: CHI | E54: 81 | F54: 352 | G54: 2 | H54: 2 | I54: 34 | J54: 40 | K54: 0 | L54: 15 | M54: 102.1 | N54: 39.533333 | O54: 34.882353 | P54: 106 | Q54: 22.2 | R54: 477 | S54: 5.4 | T54: 6.5 | U54: 4.345679 | V54: 2.6666667 | W54: 2.2666667 | X54: 0.13333333
A55: 54 | B55: Latavius Murray | C55: FA | E55: 79 | F55: 300 | G55: 2 | H55: 4 | I55: 17 | J55: 22 | K55: 0 | L55: 16 | M55: 82.9 | N55: 32.25 | O55: 30.352941 | S55: 4.9375 | T55: 3 | U55: 3.7974684 | V55: 1.375 | W55: 1.0625 | X55: 0.25
A56: 67 | B56: Royce Freeman | C56: FA | E56: 77 | F56: 319 | G56: 1 | H56: 2 | I56: 1 | J56: 2 | K56: 0 | L56: 11 | M56: 46.2 | N56: 34.777778 | O56: 18.411765 | S56: 7 | T56: 1 | U56: 4.1428571 | V56: 0.18181818 | W56: 0.090909091 | X56: 0.18181818
A57: 46 | B57: Jaleel McLaughlin | C57: DEN | D57: x | E57: 76 | F57: 410 | G57: 4 | H57: 1 | I57: 31 | J57: 36 | K57: 0 | L57: 17 | M57: 106 | N57: 18.529412 | O57: 18.529412 | P57: 153 | Q57: 32.1 | R57: 477 | S57: 4.4705882 | T57: 5.5 | U57: 5.3947368 | V57: 2.1176471 | W57: 1.8235294 | X57: 0.058823529
A58: 64 | B58: Elijah Mitchell | C58: SF | E58: 75 | F58: 281 | G58: 0 | H58: 2 | I58: 6 | J58: 8 | K58: 0 | L58: 11 | M58: 47.5 | N58: 22.090909 | O58: 14.294118 | P58: 112 | Q58: 23.8 | R58: 471 | S58: 6.8181818 | T58: 1 | U58: 3.7466667 | V58: 0.72727273 | W58: 0.54545455 | X58: 0.18181818
A59: 58 | B59: Clyde Edwards-Helaire | C59: KC | E59: 70 | F59: 223 | G59: 1 | H59: 1 | I59: 17 | J59: 22 | K59: 0 | L59: 15 | M59: 70.1 | N59: 22.333333 | O59: 19.705882 | P59: 108 | Q59: 18.1 | R59: 598 | S59: 4.6666667 | T59: 3.5 | U59: 3.1857143 | V59: 1.4666667 | W59: 1.1333333 | X59: 0.066666667
A60: 75 | B60: Dalvin Cook | C60: DAL | E60: 67 | F60: 214 | G60: 0 | H60: 0 | I60: 15 | J60: 20 | K60: 2 | L60: 15 | M60: 40.2 | N60: 22.266667 | O60: 19.647059 | P60: 100 | Q60: 16.5 | R60: 605 | S60: 4.4666667 | T60: 2.5 | U60: 3.1940299 | V60: 1.3333333 | W60: 1 | X60: 0
A61: 39 | B61: Antonio Gibson | C61: NE | E61: 65 | F61: 265 | G61: 0 | H61: 1 | I61: 48 | J61: 59 | K61: 2 | L61: 16 | M61: 127.4 | N61: 46.3125 | O61: 43.588235 | P61: 131 | Q61: 24.2 | R61: 541 | S61: 4.0625 | T61: 8.5 | U61: 4.0769231 | V61: 3.6875 | W61: 3 | X61: 0.0625
A62: 72 | B62: Pierre Strong Jr. | C62: CLE | E62: 63 | F62: 291 | G62: 2 | H62: 1 | I62: 5 | J62: 8 | K62: 1 | L62: 17 | M62: 42.8 | N62: 16.266667 | O62: 14.352941 | P62: 96 | Q62: 16.1 | R62: 597 | S62: 3.7058824 | T62: 1 | U62: 4.6190476 | V62: 0.47058824 | W62: 0.29411765 | X62: 0.058823529
A63: 66 | B63: Cam Akers | C63: HOU | E63: 60 | F63: 167 | G63: 0 | H63: 2 | I63: 11 | J63: 12 | K63: 0 | L63: 7 | M63: 46.7 | N63: 29 | O63: 11.277778 | P63: 71 | Q63: 12.6 | R63: 565 | S63: 8.5714286 | T63: 5 | U63: 2.7833333 | V63: 1.7142857 | W63: 1.5714286 | X63: 0.28571429
A64: 57 | B64: Emari Demercado | C64: ARI | D64: x | E64: 58 | F64: 284 | G64: 1 | H64: 2 | I64: 21 | J64: 30 | K64: 0 | L64: 14 | M64: 73.3 | N64: 30.857143 | O64: 25.411765 | P64: 84 | Q64: 15.6 | R64: 540 | S64: 4.1428571 | T64: 4.5 | U64: 4.8965517 | V64: 2.1428571 | W64: 1.5 | X64: 0.14285714
A65: 65 | B65: Matt Breida | C65: FA | E65: 55 | F65: 151 | G65: 0 | H65: 1 | I65: 17 | J65: 21 | K65: 0 | L65: 17 | M65: 46.9 | N65: 26.352941 | O65: 26.352941 | S65: 3.2352941 | T65: 2.5 | U65: 2.7454545 | V65: 1.2352941 | W65: 1 | X65: 0.058823529
A66: 40 | B66: Samaje Perine | C66: KC | E66: 53 | F66: 238 | G66: 1 | H66: 1 | I66: 50 | J66: 56 | K66: 2 | L66: 17 | M66: 121.3 | N66: 33.647059 | O66: 33.647059 | P66: 108 | Q66: 18.1 | R66: 598 | S66: 3.1176471 | T66: 8.5 | U66: 4.490566 | V66: 3.2941176 | W66: 2.9411765 | X66: 0.058823529
A67: 78 | B67: Chris Rodriguez Jr. | C67: WAS | E67: 51 | F67: 247 | G67: 0 | H67: 2 | I67: 2 | J67: 2 | K67: 1 | L67: 11 | M67: 37.9 | N67: 15.3 | O67: 9 | P67: 108 | Q67: 18 | R67: 600 | S67: 4.6363636 | T67: 1 | U67: 4.8431373 | V67: 0.18181818 | W67: 0.18181818 | X67: 0.18181818
A68: 79 | B68: Cordarrelle Patterson | C68: PIT | E68: 50 | F68: 181 | G68: 0 | H68: 0 | I68: 9 | J68: 12 | K68: 0 | L68: 14 | M68: 36.9 | N68: 19.285714 | O68: 15.882353 | P68: 114 | Q68: 23.6 | R68: 484 | S68: 3.5714286 | T68: 1.5 | U68: 3.62 | V68: 0.85714286 | W68: 0.64285714 | X68: 0
A69: 88 | B69: Tank Bigsby | C69: JAC | E69: 50 | F69: 132 | G69: 0 | H69: 2 | I69: 1 | J69: 4 | K69: 2 | L69: 16 | M69: 22.8 | N69: 13.0625 | O69: 12.294118 | P69: 91 | Q69: 15 | R69: 607 | S69: 3.125 | T69: 1 | U69: 2.64 | V69: 0.25 | W69: 0.0625 | X69: 0.125
A70: 76 | B70: Chase Edmonds | C70: TB | E70: 49 | F70: 176 | G70: 1 | H70: 0 | I70: 14 | J70: 17 | K70: 0 | L70: 13 | M70: 39.7 | N70: 18.307692 | O70: 14 | P70: 94 | Q70: 17.1 | R70: 550 | S70: 3.7692308 | T70: 3 | U70: 3.5918367 | V70: 1.3076923 | W70: 1.0769231 | X70: 0
A71: 59 | B71: Keaton Mitchell | C71: BAL | E71: 47 | F71: 396 | G71: 7 | H71: 2 | I71: 9 | J71: 11 | K71: 0 | L71: 7 | M71: 69.9 | N71: 28 | O71: 11.529412 | P71: 79 | Q71: 16.6 | R71: 476 | S71: 6.7142857 | T71: 4 | U71: 8.4255319 | V71: 1.5714286 | W71: 1.2857143 | X71: 0.28571429
A72: 69 | B72: Darrell Henderson Jr. | C72: FA | E72: 46 | F72: 112 | G72: 0 | H72: 2 | I72: 10 | J72: 14 | K72: 0 | L72: 4 | M72: 43.5 | N72: 49.75 | O72: 11.705882 | S72: 11.5 | T72: 7.5 | U72: 2.4347826 | V72: 3.5 | W72: 2.5 | X72: 0.5
A73: 63 | B73: Chase Brown | C73: CIN | E73: 44 | F73: 179 | G73: 2 | H73: 0 | I73: 14 | J73: 15 | K73: 0 | L73: 12 | M73: 53.5 | N73: 12.909091 | O73: 8.3529412 | P73: 89 | Q73: 15.1 | R73: 591 | S73: 3.6666667 | T73: 3.5 | U73: 4.0681818 | V73: 1.25 | W73: 1.1666667 | X73: 0
A74: 70 | B74: Kendre Miller | C74: NO | E74: 41 | F74: 156 | G74: 0 | H74: 1 | I74: 10 | J74: 11 | K74: 0 | L74: 8 | M74: 43.3 | N74: 20.375 | O74: 9.5882353 | P74: 128 | Q74: 22.1 | R74: 579 | S74: 5.125 | T74: 4 | U74: 3.804878 | V74: 1.375 | W74: 1.25 | X74: 0.125
A75: 73 | B75: Jeff Wilson Jr. | C75: MIA | E75: 41 | F75: 188 | G75: 0 | H75: 0 | I75: 14 | J75: 17 | K75: 0 | L75: 10 | M75: 41.3 | N75: 23.1 | O75: 13.588235 | P75: 125 | Q75: 22.8 | R75: 549 | S75: 4.1 | T75: 4.5 | U75: 4.5853659 | V75: 1.7 | W75: 1.4 | X75: 0
A76: 80 | B76: D'Ernest Johnson | C76: JAC | E76: 41 | F76: 108 | G76: 0 | H76: 0 | I76: 10 | J76: 12 | K76: 0 | L76: 17 | M76: 34.8 | N76: 16.529412 | O76: 16.529412 | P76: 91 | Q76: 15 | R76: 607 | S76: 2.4117647 | T76: 1.5 | U76: 2.6341463 | V76: 0.70588235 | W76: 0.58823529 | X76: 0
A77: 85 | B77: Craig Reynolds | C77: DET | E77: 41 | F77: 179 | G77: 0 | H77: 1 | I77: 5 | J77: 5 | K77: 2 | L77: 15 | M77: 29.6 | N77: 13.357143 | O77: 11 | P77: 102 | Q77: 17.9 | R77: 571 | S77: 2.7333333 | T77: 1 | U77: 4.3658537 | V77: 0.33333333 | W77: 0.33333333 | X77: 0.066666667
A78: 68 | B78: Jordan Mason | C78: SF | E78: 40 | F78: 206 | G78: 1 | H78: 3 | I78: 3 | J78: 4 | K78: 0 | L78: 16 | M78: 44.7 | N78: 14.545455 | O78: 9.4117647 | P78: 112 | Q78: 23.8 | R78: 471 | S78: 2.5 | T78: 1 | U78: 5.15 | V78: 0.25 | W78: 0.1875 | X78: 0.1875
A79: 94 | B79: Isaiah Spiller | C79: FA | E79: 37 | F79: 96 | G79: 0 | H79: 0 | I79: 6 | J79: 6 | K79: 0 | L79: 9 | M79: 19 | N79: 18.444444 | O79: 9.7647059 | S79: 4.1111111 | T79: 2 | U79: 2.5945946 | V79: 0.66666667 | W79: 0.66666667 | X79: 0
A80: 90 | B80: Trey Sermon | C80: IND | E80: 35 | F80: 160 | G80: 1 | H80: 0 | I80: 3 | J80: 6 | K80: 0 | L80: 12 | M80: 20.3 | N80: 13.333333 | O80: 9.4117647 | P80: 83 | Q80: 15.2 | R80: 546 | S80: 2.9166667 | T80: 1 | U80: 4.5714286 | V80: 0.5 | W80: 0.25 | X80: 0
A81: 103 | B81: Keaontay Ingram | C81: KC | E81: 35 | F81: 74 | G81: 0 | H81: 0 | I81: 4 | J81: 4 | K81: 0 | L81: 7 | M81: 14 | N81: 25.714286 | O81: 10.588235 | P81: 108 | Q81: 18.1 | R81: 598 | S81: 5 | T81: 1.5 | U81: 2.1142857 | V81: 0.57142857 | W81: 0.57142857 | X81: 0
A82: 83 | B82: Darrynton Evans | C82: BUF | E82: 32 | F82: 121 | G82: 0 | H82: 1 | I82: 7 | J82: 12 | K82: 0 | L82: 6 | M82: 30 | N82: 22.5 | O82: 7.5 | P82: 86 | Q82: 15.8 | R82: 545 | S82: 5.3333333 | T82: 3.5 | U82: 3.78125 | V82: 2 | W82: 1.1666667 | X82: 0.16666667
A83: 84 | B83: Patrick Taylor Jr. | C83: SF | E83: 32 | F83: 141 | G83: 1 | H83: 0 | I83: 11 | J83: 17 | K83: 0 | L83: 11 | M83: 30 | N83: 32.090909 | O83: 20.764706 | P83: 112 | Q83: 23.8 | R83: 471 | S83: 2.9090909 | T83: 2.5 | U83: 4.40625 | V83: 1.5454545 | W83: 1 | X83: 0
A84: 91 | B84: Ronnie Rivers | C84: LAR | E84: 32 | F84: 129 | G84: 0 | H84: 0 | I84: 5 | J84: 5 | K84: 0 | L84: 9 | M84: 20.1 | N84: 19.142857 | O84: 7.8823529 | P84: 69 | Q84: 12.4 | R84: 555 | S84: 3.5555556 | T84: 1.5 | U84: 4.03125 | V84: 0.55555556 | W84: 0.55555556 | X84: 0

Sheet WR
A1: rank | B1: player | C1: team | D1: rec | E1: tgt | F1: yds | G1: 20+ | H1: td | I1: att | J1: fl | K1: g | L1: fpts | M1: rank_1 | N1: rec_1 | O1: tgt_1 | P1: yds_1 | Q1: 20+_1 | R1: td_1 | S1: att_1 | T1: fl_1 | U1: g_1 | V1: fpts_1 | W1: rank_2 | X1: rec_2 | Y1: tgt_2 | Z1: yds_2 | AA1: 20+_2 | AB1: td_2 | AC1: att_2 | AD1: fl_2 | AE1: g_2 | AF1: fpts_2 | AG1: team_0 | AH1: avg_snap_pct_played | AI1: avg_snap_pct_global | AJ1: team_1 | AK1: avg_snap_pct_played_1 | AL1: avg_snap_pct_global_1 | AM1: team_2 | AN1: avg_snap_pct_played_2 | AO1: avg_snap_pct_global_2 | AP1: wr_targets | AQ1: wr_pct | AR1: total_targets | AS1: wr_targets_1 | AT1: wr_pct_1 | AU1: total_targets_1 | AV1: wr_targets_2 | AW1: wr_pct_2 | AX1: total_targets_2 | AY1: tgt_teammates | AZ1: tgt_teammates_1 | BA1: tgt_teammates_2
A2: 4 | B2: Puka Nacua | C2: LAR | D2: 105 | E2: 160 | F2: 1486 | G2: 25 | H2: 6 | I2: 12 | J2: 0 | K2: 17 | L2: 298.5 | AG2: LAR | AH2: 87.176471 | AI2: 87.176471 | AP2: 398 | AQ2: 71.7 | AR2: 555 | AY2: 223 | AZ2: 0 | BA2: 0
A3: 40 | B3: Cooper Kupp | C3: LAR | D3: 59 | E3: 95 | F3: 737 | G3: 10 | H3: 5 | I3: 1 | J3: 0 | K3: 12 | L3: 164.4 | M3: 23 | N3: 75 | O3: 98 | P3: 812 | Q3: 11 | R3: 6 | S3: 9 | T3: 1 | U3: 9 | V3: 201.4 | W3: 1 | X3: 145 | Y3: 191 | Z3: 1947 | AA3: 30 | AB3: 16 | AC3: 4 | AD3: 0 | AE3: 17 | AF3: 439.5 | AG3: LAR | AH3: 90.583333 | AI3: 63.941176 | AJ3: LAR | AK3: 95 | AL3: 50.294118 | AM3: LAR | AN3: 94.117647 | AO3: 94.117647 | AP3: 398 | AQ3: 71.7 | AR3: 555 | AS3: 331 | AT3: 64.1 | AU3: 516 | AV3: 432 | AW3: 71.8 | AX3: 602 | AY3: 288 | AZ3: 228 | BA3: 178
A4: 62 | B4: Tutu Atwell | C4: LAR | D4: 39 | E4: 67 | F4: 483 | G4: 8 | H4: 3 | I4: 5 | J4: 0 | K4: 16 | L4: 112.4 | M4: 101 | N4: 18 | O4: 35 | P4: 298 | Q4: 5 | R4: 1 | S4: 9 | T4: 0 | U4: 12 | V4: 63.2 | W4: 237 | X4: 0 | Y4: 0 | Z4: 0 | AA4: 0 | AB4: 0 | AC4: 0 | AD4: 0 | AE4: 6 | AF4: 0 | AG4: LAR | AH4: 64.5625 | AI4: 60.764706 | AJ4: LAR | AK4: 44.5 | AL4: 31.411765 | AM4: LAR | AN4: 11 | AO4: 0.64705882 | AP4: 398 | AQ4: 71.7 | AR4: 555 | AS4: 331 | AT4: 64.1 | AU4: 516 | AV4: 432 | AW4: 71.8 | AX4: 602 | AY4: 316 | AZ4: 291 | BA4: 369
A5: 79 | B5: Demarcus Robinson | C5: LAR | D5: 26 | E5: 39 | F5: 371 | G5: 7 | H5: 4 | I5: 1 | J5: 1 | K5: 13 | L5: 87.4 | M5: 69 | N5: 48 | O5: 75 | P5: 458 | Q5: 4 | R5: 2 | S5: 0 | T5: 1 | U5: 16 | V5: 103.8 | W5: 104 | X5: 25 | Y5: 41 | Z5: 264 | AA5: 3 | AB5: 3 | AC5: 0 | AD5: 0 | AE5: 15 | AF5: 69.4 | AG5: LAR | AH5: 44.076923 | AI5: 33.705882 | AJ5: BAL | AK5: 59.75 | AL5: 56.235294 | AM5: KC | AN5: 58.266667 | AO5: 51.411765 | AP5: 398 | AQ5: 71.7 | AR5: 555 | AS5: 198 | AT5: 42.6 | AU5: 465 | AV5: 362 | AW5: 56.9 | AX5: 636 | AY5: 344 | AZ5: 101 | BA5: 302
A6: 178 | B6: Tyler Johnson | C6: LAR | D6: 2 | E6: 3 | F6: 8 | G6: 0 | H6: 1 | I6: 0 | J6: 0 | K6: 1 | L6: 8.8 | W6: 101 | X6: 36 | Y6: 55 | Z6: 360 | AA6: 4 | AB6: 0 | AC6: 0 | AD6: 0 | AE6: 16 | AF6: 72 | AG6: LAR | AH6: 54 | AI6: 3.1764706 | AM6: TB | AN6: 54.4375 | AO6: 51.235294 | AP6: 398 | AQ6: 71.7 | AR6: 555 | AV6: 409 | AW6: 57.2 | AX6: 715 | AY6: 380 | AZ6: 0 | BA6: 262
A7: 244 | B7: Xavier Smith | C7: LAR | D7: 0 | E7: 0 | F7: 0 | G7: 0 | H7: 0 | I7: 0 | J7: 0 | K7: 0 | L7: 0 | AP7: 398 | AQ7: 71.7 | AR7: 555 | AY7: 383 | AZ7: 0 | BA7: 0
A8: 259 | B8: Sam Wiglusz | C8: LAR | D8: 0 | E8: 0 | F8: 0 | G8: 0 | H8: 0 | I8: 0 | J8: 0 | K8: 0 | L8: 0 | AP8: 398 | AQ8: 71.7 | AR8: 555 | AY8: 383 | AZ8: 0 | BA8: 0
A9: 269 | B9: Drake Stoops | C9: LAR | D9: 0 | E9: 0 | F9: 0 | G9: 0 | H9: 0 | I9: 0 | J9: 0 | K9: 0 | L9: 0 | AP9: 398 | AQ9: 71.7 | AR9: 555 | AY9: 383 | AZ9: 0 | BA9: 0
A10: 294 | B10: Jordan Whittington | C10: LAR | D10: 0 | E10: 0 | F10: 0 | G10: 0 | H10: 0 | I10: 0 | J10: 0 | K10: 0 | L10: 0 | AP10: 398 | AQ10: 71.7 | AR10: 555 | AY10: 383 | AZ10: 0 | BA10: 0
A11: 11 | B11: Ja'Marr Chase | C11: CIN | D11: 100 | E11: 145 | F11: 1216 | G11: 14 | H11: 7 | I11: 3 | J11: 0 | K11: 16 | L11: 262.7 | M11: 11 | N11: 87 | O11: 134 | P11: 1046 | Q11: 13 | R11: 9 | S11: 5 | T11: 2 | U11: 13 | V11: 242.4 | W11: 5 | X11: 81 | Y11: 128 | Z11: 1455 | AA11: 22 | AB11: 13 | AC11: 7 | AD11: 1 | AE11: 17 | AF11: 304.6 | AG11: CIN | AH11: 87 | AI11: 81.882353 | AJ11: CIN | AK11: 93.916667 | AL11: 66.294118 | AM11: CIN | AN11: 84.529412 | AO11: 84.529412 | AP11: 387 | AQ11: 65.5 | AR11: 591 | AS11: 371 | AT11: 62 | AU11: 598 | AV11: 359 | AW11: 66.5 | AX11: 540 | AY11: 242 | AZ11: 227 | BA11: 216
A12: 51 | B12: Tee Higgins | C12: CIN | D12: 42 | E12: 76 | F12: 656 | G12: 8 | H12: 5 | I12: 0 | J12: 0 | K12: 12 | L12: 137.6 | M12: 18 | N12: 75 | O12: 110 | P12: 1042 | Q12: 14 | R12: 7 | S12: 0 | T12: 0 | U12: 15 | V12: 223.2 | W12: 24 | X12: 74 | Y12: 110 | Z12: 1091 | AA12: 17 | AB12: 6 | AC12: 0 | AD12: 1 | AE12: 14 | AF12: 219.1 | AG12: CIN | AH12: 73.833333 | AI12: 52.117647 | AJ12: CIN | AK12: 78.428571 | AL12: 64.588235 | AM12: CIN | AN12: 75.857143 | AO12: 62.470588 | AP12: 387 | AQ12: 65.5 | AR12: 591 | AS12: 371 | AT12: 62 | AU12: 598 | AV12: 359 | AW12: 66.5 | AX12: 540 | AY12: 311 | AZ12: 251 | BA12: 234
A13: 94 | B13: Trenton Irwin | C13: CIN | D13: 25 | E13: 32 | F13: 316 | G13: 7 | H13: 1 | I13: 0 | J13: 0 | K13: 16 | L13: 62.6 | M13: 102 | N13: 15 | O13: 23 | P13: 231 | Q13: 3 | R13: 4 | S13: 1 | T13: 0 | U13: 9 | V13: 63.2 | W13: 197 | X13: 2 | Y13: 5 | Z13: 34 | AA13: 1 | AB13: 0 | AC13: 0 | AD13: 0 | AE13: 5 | AF13: 5.4 | AG13: CIN | AH13: 42.6875 | AI13: 40.176471 | AJ13: CIN | AK13: 46.555556 | AL13: 24.647059 | AM13: CIN | AN13: 23.2 | AO13: 6.8235294 | AP13: 387 | AQ13: 65.5 | AR13: 591 | AS13: 371 | AT13: 62 | AU13: 598 | AV13: 359 | AW13: 66.5 | AX13: 540 | AY13: 355 | AZ13: 338 | BA13: 339
A14: 111 | B14: Andrei Iosivas | C14: CIN | D14: 15 | E14: 25 | F14: 116 | G14: 0 | H14: 4 | I14: 0 | J14: 0 | K14: 16 | L14: 50.6 | AG14: CIN | AH14: 25.9375 | AI14: 24.411765 | AP14: 387 | AQ14: 65.5 | AR14: 591 | AY14: 362 | AZ14: 0 | BA14: 0
A15: 157 | B15: Charlie Jones | C15: CIN | D15: 7 | E15: 9 | F15: 64 | G15: 1 | H15: 0 | I15: 2 | J15: 0 | K15: 11 | L15: 20.7 | AG15: CIN | AH15: 8.875 | AI15: 4.1764706 | AP15: 387 | AQ15: 65.5 | AR15: 591 | AY15: 378 | AZ15: 0 | BA15: 0
A16: 230 | B16: Shedrick Jackson | C16: CIN | D16: 0 | E16: 1 | F16: 0 | G16: 0 | H16: 0 | I16: 0 | J16: 0 | K16: 2 | L16: 0 | AG16: CIN | AH16: 8 | AI16: 0.47058824 | AP16: 387 | AQ16: 65.5 | AR16: 591 | AY16: 386 | AZ16: 0 | BA16: 0
A17: 264 | B17: Cole Burgess | C17: CIN | D17: 0 | E17: 0 | F17: 0 | G17: 0 | H17: 0 | I17: 0 | J17: 0 | K17: 0 | L17: 0 | AP17: 387 | AQ17: 65.5 | AR17: 591 | AY17: 387 | AZ17: 0 | BA17: 0
A18: 312 | B18: Jermaine Burton | C18: CIN | D18: 0 | E18: 0 | F18: 0 | G18: 0 | H18: 0 | I18: 0 | J18: 0 | K18: 0 | L18: 0 | AP18: 387 | AQ18: 65.5 | AR18: 591 | AY18: 387 | AZ18: 0 | BA18: 0
A19: 319 | B19: Kendric Pryor | C19: CIN | D19: 0 | E19: 0 | F19: 0 | G19: 0 | H19: 0 | I19: 0 | J19: 0 | K19: 0 | L19: 0 | AP19: 387 | AQ19: 65.5 | AR19: 591 | AY19: 387 | AZ19: 0 | BA19: 0
A20: 333 | B20: Maurice Purify | C20: CIN | D20: 0 | E20: 0 | F20: 0 | G20: 0 | H20: 0 | I20: 0 | J20: 0 | K20: 0 | L20: 0 | AP20: 387 | AQ20: 65.5 | AR20: 591 | AY20: 387 | AZ20: 0 | BA20: 0
A21: 338 | B21: Chris Henry | C21: CIN | D21: 0 | E21: 0 | F21: 0 | G21: 0 | H21: 0 | I21: 0 | J21: 0 | K21: 0 | L21: 0 | AP21: 387 | AQ21: 65.5 | AR21: 591 | AY21: 387 | AZ21: 0 | BA21: 0
A22: 74 | B22: Quentin Johnston | C22: LAC | D22: 38 | E22: 67 | F22: 431 | G22: 5 | H22: 2 | I22: 3 | J22: 0 | K22: 17 | L22: 94 | AG22: LAC | AH22: 65 | AI22: 65 | AP22: 386 | AQ22: 63 | AR22: 613 | AY22: 319 | AZ22: 0 | BA22: 0
A23: 59 | B23: DJ Chark Jr. | C23: LAC | D23: 35 | E23: 66 | F23: 525 | G23: 9 | H23: 5 | I23: 0 | J23: 1 | K23: 15 | L23: 115.5 | M23: 75 | N23: 30 | O23: 52 | P23: 502 | Q23: 9 | R23: 3 | S23: 0 | T23: 0 | U23: 11 | V23: 98.2 | W23: 135 | X23: 7 | Y23: 22 | Z23: 154 | AA23: 3 | AB23: 2 | AC23: 0 | AD23: 0 | AE23: 3 | AF23: 34.4 | AG23: CAR | AH23: 75.866667 | AI23: 66.941176 | AJ23: DET | AK23: 69.818182 | AL23: 45.176471 | AM23: JAC | AN23: 84 | AO23: 14.823529 | AP23: 386 | AQ23: 63 | AR23: 613 | AS23: 349 | AT23: 62.7 | AU23: 557 | AV23: 382 | AW23: 65.3 | AX23: 585 | AY23: 386 | AZ23: 293 | BA23: 310
A24: 65 | B24: Joshua Palmer | C24: LAC | D24: 38 | E24: 61 | F24: 581 | G24: 9 | H24: 2 | I24: 1 | J24: 1 | K24: 11 | L24: 106.7 | M24: 37 | N24: 72 | O24: 107 | P24: 769 | Q24: 7 | R24: 3 | S24: 1 | T24: 0 | U24: 16 | V24: 169.3 | W24: 76 | X24: 33 | Y24: 49 | Z24: 353 | AA24: 3 | AB24: 4 | AC24: 1 | AD24: 0 | AE24: 15 | AF24: 92.9 | AG24: LAC | AH24: 75.1 | AI24: 44.176471 | AJ24: LAC | AK24: 80.0625 | AL24: 75.352941 | AM24: LAC | AN24: 41.733333 | AO24: 36.823529 | AP24: 386 | AQ24: 63 | AR24: 613 | AS24: 381 | AT24: 55.6 | AU24: 685 | AV24: 390 | AW24: 59.3 | AX24: 658 | AY24: 325 | AZ24: 272 | BA24: 334
A25: 131 | B25: Derius Davis | C25: LAC | D25: 15 | E25: 17 | F25: 66 | G25: 0 | H25: 0 | I25: 14 | J25: 1 | K25: 17 | L25: 35.7 | AG25: LAC | AH25: 13.5625 | AI25: 12.764706 | AP25: 386 | AQ25: 63 | AR25: 613 | AY25: 369 | AZ25: 0 | BA25: 0
A26: 181 | B26: Simi Fehoko | C26: LAC | D26: 1 | E26: 2 | F26: 9 | G26: 0 | H26: 1 | I26: 0 | J26: 0 | K26: 5 | L26: 7.9 | M26: 182 | N26: 3 | O26: 4 | P26: 24 | Q26: 0 | R26: 0 | S26: 0 | T26: 0 | U26: 3 | V26: 5.4 | AG26: LAC | AH26: 9 | AI26: 2.1176471 | AJ26: DAL | AK26: 12.666667 | AL26: 2.2352941 | AP26: 386 | AQ26: 63 | AR26: 613 | AS26: 330 | AT26: 60.6 | AU26: 545 | AY26: 384 | AZ26: 309 | BA26: 0
A27: 261 | B27: Jaylen Johnson | C27: LAC | D27: 0 | E27: 0 | F27: 0 | G27: 0 | H27: 0 | I27: 0 | J27: 0 | K27: 0 | L27: 0 | AP27: 386 | AQ27: 63 | AR27: 613 | AY27: 386 | AZ27: 0 | BA27: 0
A28: 271 | B28: Ladd McConkey | C28: LAC | D28: 0 | E28: 0 | F28: 0 | G28: 0 | H28: 0 | I28: 0 | J28: 0 | K28: 0 | L28: 0 | AP28: 386 | AQ28: 63 | AR28: 613 | AY28: 386 | AZ28: 0 | BA28: 0
A29: 284 | B29: Brenden Rice | C29: LAC | D29: 0 | E29: 0 | F29: 0 | G29: 0 | H29: 0 | I29: 0 | J29: 0 | K29: 0 | L29: 0 | AP29: 386 | AQ29: 63 | AR29: 613 | AY29: 386 | AZ29: 0 | BA29: 0
A30: 308 | B30: Cornelius Johnson | C30: LAC | D30: 0 | E30: 0 | F30: 0 | G30: 0 | H30: 0 | I30: 0 | J30: 0 | K30: 0 | L30: 0 | AP30: 386 | AQ30: 63 | AR30: 613 | AY30: 386 | AZ30: 0 | BA30: 0
A31: 1 | B31: CeeDee Lamb | C31: DAL | D31: 135 | E31: 181 | F31: 1749 | G31: 29 | H31: 12 | I31: 14 | J31: 2 | K31: 17 | L31: 403.2 | M31: 5 | N31: 107 | O31: 156 | P31: 1359 | Q31: 24 | R31: 9 | S31: 10 | T31: 0 | U31: 17 | V31: 301.6 | W31: 19 | X31: 79 | Y31: 120 | Z31: 1102 | AA31: 20 | AB31: 6 | AC31: 9 | AD31: 0 | AE31: 16 | AF31: 232.8 | AG31: DAL | AH31: 83.705882 | AI31: 83.705882 | AJ31: DAL | AK31: 87.529412 | AL31: 87.529412 | AM31: DAL | AN31: 76.75 | AO31: 72.235294 | AP31: 379 | AQ31: 62.6 | AR31: 605 | AS31: 330 | AT31: 60.6 | AU31: 545 | AV31: 388 | AW31: 61 | AX31: 636 | AY31: 198 | AZ31: 157 | BA31: 268
A32: 38 | B32: Brandin Cooks | C32: DAL | D32: 54 | E32: 81 | F32: 657 | G32: 11 | H32: 8 | I32: 5 | J32: 0 | K32: 16 | L32: 173.2 | M32: 49 | N32: 57 | O32: 93 | P32: 699 | Q32: 13 | R32: 3 | S32: 2 | T32: 0 | U32: 13 | V32: 145.6 | W32: 20 | X32: 90 | Y32: 134 | Z32: 1037 | AA32: 12 | AB32: 6 | AC32: 2 | AD32: 0 | AE32: 16 | AF32: 231.8 | AG32: DAL | AH32: 73.3125 | AI32: 69 | AJ32: HOU | AK32: 81.153846 | AL32: 62.058824 | AM32: HOU | AN32: 83.25 | AO32: 78.352941 | AP32: 379 | AQ32: 62.6 | AR32: 605 | AS32: 294 | AT32: 52.8 | AU32: 557 | AV32: 319 | AW32: 61 | AX32: 523 | AY32: 298 | AZ32: 180 | BA32: 133
A33: 102 | B33: Jalen Tolbert | C33: DAL | D33: 22 | E33: 36 | F33: 268 | G33: 3 | H33: 2 | I33: 0 | J33: 1 | K33: 17 | L33: 58.8 | M33: 200 | N33: 2 | O33: 3 | P33: 12 | Q33: 0 | R33: 0 | S33: 0 | T33: 0 | U33: 3 | V33: 3.2 | AG33: DAL | AH33: 39.882353 | AI33: 39.882353 | AJ33: DAL | AK33: 21.333333 | AL33: 3.7647059 | AP33: 379 | AQ33: 62.6 | AR33: 605 | AS33: 330 | AT33: 60.6 | AU33: 545 | AY33: 343 | AZ33: 310 | BA33: 0
A34: 101 | B34: KaVontae Turpin | C34: DAL | D34: 12 | E34: 18 | F34: 127 | G34: 2 | H34: 3 | I34: 11 | J34: 0 | K34: 16 | L34: 59.7 | M34: 249 | N34: 1 | O34: 2 | P34: 9 | Q34: 0 | R34: 0 | S34: 3 | T34: 2 | U34: 17 | V34: -0.4 | AG34: DAL | AH34: 12.25 | AI34: 11.529412 | AJ34: DAL | AK34: 5.8125 | AL34: 5.4705882 | AP34: 379 | AQ34: 62.6 | AR34: 605 | AS34: 330 | AT34: 60.6 | AU34: 545 | AY34: 361 | AZ34: 311 | BA34: 0
A35: 170 | B35: Jalen Brooks | C35: DAL | D35: 6 | E35: 6 | F35: 64 | G35: 1 | H35: 0 | I35: 0 | J35: 0 | K35: 7 | L35: 12.4 | AG35: DAL | AH35: 15 | AI35: 6.1764706 | AP35: 379 | AQ35: 62.6 | AR35: 605 | AY35: 373 | AZ35: 0 | BA35: 0
A36: 234 | B36: John Stephens Jr. | C36: DAL | D36: 0 | E36: 0 | F36: 0 | G36: 0 | H36: 0 | I36: 0 | J36: 0 | K36: 0 | L36: 0 | AP36: 379 | AQ36: 62.6 | AR36: 605 | AY36: 379 | AZ36: 0 | BA36: 0
A37: 243 | B37: Jalen Moreno-Cropper | C37: DAL | D37: 0 | E37: 0 | F37: 0 | G37: 0 | H37: 0 | I37: 0 | J37: 0 | K37: 0 | L37: 0 | AP37: 379 | AQ37: 62.6 | AR37: 605 | AY37: 379 | AZ37: 0 | BA37: 0
A38: 257 | B38: Corey Crooms Jr. | C38: DAL | D38: 0 | E38: 0 | F38: 0 | G38: 0 | H38: 0 | I38: 0 | J38: 0 | K38: 0 | L38: 0 | AP38: 379 | AQ38: 62.6 | AR38: 605 | AY38: 379 | AZ38: 0 | BA38: 0
A39: 283 | B39: Ryan Flournoy | C39: DAL | D39: 0 | E39: 0 | F39: 0 | G39: 0 | H39: 0 | I39: 0 | J39: 0 | K39: 0 | L39: 0 | AP39: 379 | AQ39: 62.6 | AR39: 605 | AY39: 379 | AZ39: 0 | BA39: 0
A40: 346 | B40: Kelvin Harmon | C40: DAL | D40: 0 | E40: 0 | F40: 0 | G40: 0 | H40: 0 | I40: 0 | J40: 0 | K40: 0 | L40: 0 | AP40: 379 | AQ40: 62.6 | AR40: 605 | AY40: 379 | AZ40: 0 | BA40: 0
A41: 7 | B41: Mike Evans | C41: TB | D41: 79 | E41: 136 | F41: 1255 | G41: 20 | H41: 13 | I41: 0 | J41: 0 | K41: 17 | L41: 282.5 | M41: 17 | N41: 77 | O41: 127 | P41: 1124 | Q41: 19 | R41: 6 | S41: 0 | T41: 0 | U41: 15 | V41: 225.4 | W41: 9 | X41: 74 | Y41: 114 | Z41: 1035 | AA41: 20 | AB41: 14 | AC41: 1 | AD41: 0 | AE41: 16 | AF41: 262.5 | AG41: TB | AH41: 78.647059 | AI41: 78.647059 | AJ41: TB | AK41: 84.466667 | AL41: 74.529412 | AM41: TB | AN41: 82.5 | AO41: 77.647059 | AP41: 375 | AQ41: 68.2 | AR41: 550 | AS41: 458 | AT41: 63.3 | AU41: 723 | AV41: 409 | AW41: 57.2 | AX41: 715 | AY41: 239 | AZ41: 235 | BA41: 203
A42: 28 | B42: Chris Godwin | C42: TB | D42: 83 | E42: 130 | F42: 1024 | G42: 14 | H42: 2 | I42: 4 | J42: 0 | K42: 17 | L42: 209.2 | M42: 19 | N42: 104 | O42: 142 | P42: 1023 | Q42: 10 | R42: 3 | S42: 3 | T42: 2 | U42: 15 | V42: 222.8 | W42: 15 | X42: 98 | Y42: 127 | Z42: 1103 | AA42: 15 | AB42: 5 | AC42: 4 | AD42: 2 | AE42: 14 | AF42: 242.4 | AG42: TB | AH42: 81.235294 | AI42: 81.235294 | AJ42: TB | AK42: 80.266667 | AL42: 70.823529 | AM42: TB | AN42: 85.5 | AO42: 70.411765 | AP42: 375 | AQ42: 68.2 | AR42: 550 | AS42: 458 | AT42: 63.3 | AU42: 723 | AV42: 409 | AW42: 57.2 | AX42: 715 | AY42: 245 | AZ42: 220 | BA42: 190
A43: 72 | B43: Trey Palmer | C43: TB | D43: 39 | E43: 68 | F43: 385 | G43: 6 | H43: 3 | I43: 3 | J43: 1 | K43: 17 | L43: 95.7 | AG43: TB | AH43: 65.294118 | AI43: 65.294118 | AP43: 375 | AQ43: 68.2 | AR43: 550 | AY43: 307 | AZ43: 0 | BA43: 0
A44: 159 | B44: Sterling Shepard | C44: TB | D44: 10 | E44: 22 | F44: 57 | G44: 0 | H44: 1 | I44: 1 | J44: 1 | K44: 15 | L44: 20.3 | M44: 129 | N44: 13 | O44: 24 | P44: 154 | Q44: 1 | R44: 1 | S44: 0 | T44: 0 | U44: 3 | V44: 34.4 | W44: 96 | X44: 36 | Y44: 53 | Z44: 366 | AA44: 4 | AB44: 1 | AC44: 1 | AD44: 0 | AE44: 7 | AF44: 77.7 | AG44: NYG | AH44: 15.2 | AI44: 13.411765 | AJ44: NYG | AK44: 80.333333 | AL44: 14.176471 | AM44: NYG | AN44: 73.285714 | AO44: 30.176471 | AP44: 375 | AQ44: 68.2 | AR44: 550 | AS44: 315 | AT44: 64.4 | AU44: 489 | AV44: 324 | AW44: 57.8 | AX44: 561 | AY44: 375 | AZ44: 256 | BA44: 158
A45: 174 | B45: Rakim Jarrett | C45: TB | D45: 4 | E45: 9 | F45: 60 | G45: 1 | H45: 0 | I45: 1 | J45: 0 | K45: 10 | L45: 10 | AG45: TB | AH45: 17.3 | AI45: 10.176471 | AP45: 375 | AQ45: 68.2 | AR45: 550 | AY45: 366 | AZ45: 0 | BA45: 0
A46: 199 | B46: Cody Thompson | C46: TB | D46: 1 | E46: 1 | F46: 10 | G46: 0 | H46: 0 | I46: 0 | J46: 0 | K46: 6 | L46: 2 | M46: 220 | N46: 0 | O46: 0 | P46: 0 | Q46: 0 | R46: 0 | S46: 0 | T46: 0 | U46: 1 | V46: 0 | W46: 255 | X46: 0 | Y46: 0 | Z46: 0 | AA46: 0 | AB46: 0 | AC46: 0 | AD46: 0 | AE46: 2 | AF46: 0 | AG46: SEA | AH46: 5.8333333 | AI46: 2.0588235 | AM46: SEA | AN46: 2 | AO46: 0.11764706 | AP46: 375 | AQ46: 68.2 | AR46: 550 | AV46: 309 | AW46: 65.3 | AX46: 473 | AY46: 375 | AZ46: 0 | BA46: 256
A47: 228 | B47: Ryan Miller | C47: TB | D47: 0 | E47: 0 | F47: 0 | G47: 0 | H47: 0 | I47: 0 | J47: 0 | K47: 1 | L47: 0 | AG47: TB | AH47: 5 | AI47: 0.29411765 | AP47: 375 | AQ47: 68.2 | AR47: 550 | AY47: 375 | AZ47: 0 | BA47: 0
A48: 255 | B48: Kameron Johnson | C48: TB | D48: 0 | E48: 0 | F48: 0 | G48: 0 | H48: 0 | I48: 0 | J48: 0 | K48: 0 | L48: 0 | AP48: 375 | AQ48: 68.2 | AR48: 550 | AY48: 375 | AZ48: 0 | BA48: 0
A49: 296 | B49: Jalen McMillan | C49: TB | D49: 0 | E49: 0 | F49: 0 | G49: 0 | H49: 0 | I49: 0 | J49: 0 | K49: 0 | L49: 0 | AP49: 375 | AQ49: 68.2 | AR49: 550 | AY49: 375 | AZ49: 0 | BA49: 0
A50: 2 | B50: Tyreek Hill | C50: MIA | D50: 119 | E50: 171 | F50: 1799 | G50: 29 | H50: 13 | I50: 6 | J50: 1 | K50: 16 | L50: 376.4 | M50: 2 | N50: 119 | O50: 170 | P50: 1710 | Q50: 25 | R50: 7 | S50: 7 | T50: 0 | U50: 17 | V50: 341.2 | W50: 6 | X50: 111 | Y50: 159 | Z50: 1239 | AA50: 13 | AB50: 9 | AC50: 9 | AD50: 1 | AE50: 17 | AF50: 296.5 | AG50: MIA | AH50: 67.3125 | AI50: 63.352941 | AJ50: MIA | AK50: 76.294118 | AL50: 76.294118 | AM50: KC | AN50: 73.647059 | AO50: 73.647059 | AP50: 372 | AQ50: 67.8 | AR50: 549 | AS50: 374 | AT50: 66.5 | AU50: 562 | AV50: 362 | AW50: 56.9 | AX50: 636 | AY50: 194 | AZ50: 245 | BA50: 184
A51: 34 | B51: Jaylen Waddle | C51: MIA | D51: 72 | E51: 104 | F51: 1014 | G51: 12 | H51: 4 | I51: 3 | J51: 0 | K51: 14 | L51: 198.6 | M51: 8 | N51: 75 | O51: 117 | P51: 1356 | Q51: 21 | R51: 8 | S51: 3 | T51: 1 | U51: 17 | V51: 259.2 | W51: 13 | X51: 104 | Y51: 140 | Z51: 1015 | AA51: 8 | AB51: 6 | AC51: 2 | AD51: 1 | AE51: 16 | AF51: 245.8 | AG51: MIA | AH51: 67 | AI51: 55.176471 | AJ51: MIA | AK51: 73.823529 | AL51: 73.823529 | AM51: MIA | AN51: 83.4375 | AO51: 78.529412 | AP51: 372 | AQ51: 67.8 | AR51: 549 | AS51: 374 | AT51: 66.5 | AU51: 562 | AV51: 327 | AW51: 54.8 | AX51: 597 | AY51: 261 | AZ51: 298 | BA51: 104
A52: 63 | B52: Odell Beckham Jr. | C52: MIA | D52: 35 | E52: 64 | F52: 565 | G52: 10 | H52: 3 | I52: 0 | J52: 1 | K52: 14 | L52: 107.5 | W52: 55 | X52: 44 | Y52: 82 | Z52: 537 | AA52: 7 | AB52: 5 | AC52: 2 | AD52: 0 | AE52: 14 | AF52: 129.1 | AG52: BAL | AH52: 49.357143 | AI52: 40.647059 | AN52: 71.785714 | AO52: 55.833333 | AP52: 372 | AQ52: 67.8 | AR52: 549 | AY52: 365 | AZ52: 0 | BA52: 0
A53: 104 | B53: Braxton Berrios | C53: MIA | D53: 27 | E53: 33 | F53: 238 | G53: 1 | H53: 1 | I53: 1 | J53: 0 | K53: 16 | L53: 57.9 | M53: 108 | N53: 18 | O53: 32 | P53: 145 | Q53: 2 | R53: 0 | S53: 9 | T53: 0 | U53: 17 | V53: 57.7 | W53: 59 | X53: 46 | Y53: 65 | Z53: 431 | AA53: 5 | AB53: 2 | AC53: 7 | AD53: 1 | AE53: 16 | AF53: 121.1 | AG53: MIA | AH53: 44.125 | AI53: 41.529412 | AJ53: NYJ | AK53: 28 | AL53: 26.352941 | AM53: NYJ | AN53: 38.4375 | AO53: 36.176471 | AP53: 372 | AQ53: 67.8 | AR53: 549 | AS53: 345 | AT53: 58.8 | AU53: 587 | AV53: 372 | AW53: 64.2 | AX53: 579 | AY53: 332 | AZ53: 212 | BA53: 154
A54: 147 | B54: River Cracraft | C54: MIA | D54: 9 | E54: 12 | F54: 121 | G54: 2 | H54: 1 | I54: 0 | J54: 0 | K54: 10 | L54: 27.1 | M54: 135 | N54: 9 | O54: 14 | P54: 102 | Q54: 1 | R54: 2 | S54: 0 | T54: 0 | U54: 8 | V54: 31.2 | W54: 249 | X54: 0 | Y54: 0 | Z54: 0 | AA54: 0 | AB54: 0 | AC54: 0 | AD54: 0 | AE54: 3 | AF54: 0 | AG54: MIA | AH54: 27.7 | AI54: 16.294118 | AJ54: MIA | AK54: 25.25 | AL54: 11.882353 | AP54: 372 | AQ54: 67.8 | AR54: 549 | AS54: 374 | AT54: 66.5 | AU54: 562 | AY54: 353 | AZ54: 401 | BA54: 0
A55: 151 | B55: Robbie Chosen | C55: MIA | D55: 4 | E55: 6 | F55: 126 | G55: 2 | H55: 1 | I55: 0 | J55: 0 | K55: 9 | L55: 22.6 | M55: 113 | N55: 20 | O55: 44 | P55: 282 | Q55: 3 | R55: 1 | S55: 0 | T55: 1 | U55: 12 | V55: 52.2 | W55: 49 | X55: 53 | Y55: 110 | Z55: 519 | AA55: 3 | AB55: 5 | AC55: 3 | AD55: 0 | AE55: 17 | AF55: 138.5 | AG55: MIA | AH55: 22.888889 | AI55: 12.117647 | AJ55: MIA | AK55: 57.75 | AL55: 38.5 | AM55: CAR | AN55: 85.647059 | AO55: 85.647059 | AP55: 372 | AQ55: 67.8 | AR55: 549 | AS55: 374 | AT55: 66.5 | AU55: 562 | AV55: 355 | AW55: 61.7 | AX55: 575 | AY55: 359 | AZ55: 371 | BA55: 204
A56: 197 | B56: Erik Ezukanma | C56: MIA | D56: 0 | E56: 1 | F56: 0 | G56: 0 | H56: 0 | I56: 5 | J56: 0 | K56: 2 | L56: 2.2 | M56: 212 | N56: 1 | O56: 1 | P56: 3 | Q56: 0 | R56: 0 | S56: 0 | T56: 0 | U56: 1 | V56: 1.3 | AG56: MIA | AH56: 22 | AI56: 2.5882353 | AJ56: MIA | AK56: 15 | AL56: 0.88235294 | AP56: 372 | AQ56: 67.8 | AR56: 549 | AS56: 374 | AT56: 66.5 | AU56: 562 | AY56: 364 | AZ56: 414 | BA56: 0
A57: 204 | B57: Dee Eskridge | C57: MIA | D57: 0 | E57: 1 | F57: 0 | G57: 0 | H57: 0 | I57: 2 | J57: 0 | K57: 4 | L57: 0.5 | M57: 158 | N57: 7 | O57: 13 | P57: 58 | Q57: 0 | R57: 0 | S57: 2 | T57: 0 | U57: 9 | V57: 13.8 | W57: 145 | X57: 10 | Y57: 20 | Z57: 64 | AA57: 0 | AB57: 1 | AC57: 4 | AD57: 0 | AE57: 8 | AF57: 28.3 | AG57: SEA | AH57: 9.6666667 | AI57: 1.7058824 | AJ57: SEA | AK57: 30 | AL57: 14.117647 | AM57: SEA | AN57: 34.25 | AO57: 16.117647 | AP57: 372 | AQ57: 67.8 | AR57: 549 | AS57: 333 | AT57: 60.2 | AU57: 553 | AV57: 309 | AW57: 65.3 | AX57: 473 | AY57: 365 | AZ57: 312 | BA57: 236
A58: 218 | B58: Quinton Bell | C58: MIA | D58: 0 | E58: 0 | F58: 0 | G58: 0 | H58: 0 | I58: 0 | J58: 0 | K58: 0 | L58: 0 | M58: 222 | N58: 0 | O58: 0 | P58: 0 | Q58: 0 | R58: 0 | S58: 0 | T58: 0 | U58: 3 | V58: 0 | W58: 235 | X58: 0 | Y58: 0 | Z58: 0 | AA58: 0 | AB58: 0 | AC58: 0 | AD58: 0 | AE58: 1 | AF58: 0 | AP58: 372 | AQ58: 67.8 | AR58: 549 | AY58: 365 | AZ58: 0 | BA58: 0
A59: 222 | B59: Anthony Schwartz | C59: MIA | D59: 0 | E59: 0 | F59: 0 | G59: 0 | H59: 0 | I59: 0 | J59: 0 | K59: 0 | L59: 0 | M59: 153 | N59: 4 | O59: 10 | P59: 51 | Q59: 0 | R59: 0 | S59: 4 | T59: 1 | U59: 7 | V59: 18.8 | W59: 137 | X59: 10 | Y59: 23 | Z59: 135 | AA59: 1 | AB59: 1 | AC59: 6 | AD59: 0 | AE59: 13 | AF59: 33.4 | AJ59: CLE | AK59: 15.571429 | AL59: 6.4117647 | AM59: CLE | AN59: 34 | AO59: 26 | AP59: 372 | AQ59: 67.8 | AR59: 549 | AS59: 285 | AT59: 56.3 | AU59: 506 | AV59: 253 | AW59: 50.7 | AX59: 499 | AY59: 365 | AZ59: 273 | BA59: 58
A60: 245 | B60: Grant DuBose | C60: MIA | D60: 0 | E60: 0 | F60: 0 | G60: 0 | H60: 0 | I60: 0 | J60: 0 | K60: 0 | L60: 0 | AP60: 372 | AQ60: 67.8 | AR60: 549 | AY60: 365 | AZ60: 0 | BA60: 0
A61: 286 | B61: Malik Washington | C61: MIA | D61: 0 | E61: 0 | F61: 0 | G61: 0 | H61: 0 | I61: 0 | J61: 0 | K61: 0 | L61: 0 | AP61: 372 | AQ61: 67.8 | AR61: 549 | AY61: 365 | AZ61: 0 | BA61: 0
A62: 287 | B62: Tahj Washington | C62: MIA | D62: 0 | E62: 0 | F62: 0 | G62: 0 | H62: 0 | I62: 0 | J62: 0 | K62: 0 | L62: 0 | AP62: 372 | AQ62: 67.8 | AR62: 549 | AY62: 365 | AZ62: 0 | BA62: 0
A63: 31 | B63: Terry McLaurin | C63: WAS | D63: 79 | E63: 132 | F63: 1002 | G63: 15 | H63: 4 | I63: 0 | J63: 0 | K63: 17 | L63: 203.2 | M63: 14 | N63: 77 | O63: 120 | P63: 1191 | Q63: 16 | R63: 5 | S63: 7 | T63: 0 | U63: 17 | V63: 229 | W63: 25 | X63: 77 | Y63: 130 | Z63: 1053 | AA63: 15 | AB63: 5 | AC63: 1 | AD63: 0 | AE63: 17 | AF63: 213.5 | AG63: WAS | AH63: 85.176471 | AI63: 85.176471 | AJ63: WAS | AK63: 89.470588 | AL63: 89.470588 | AM63: WAS | AN63: 89.882353 | AO63: 89.882353 | AP63: 371 | AQ63: 61.8 | AR63: 600 | AS63: 312 | AT63: 58.8 | AU63: 531 | AV63: 307 | AW63: 57.5 | AX63: 534 | AY63: 239 | AZ63: 174 | BA63: 92
A64: 67 | B64: Noah Brown | C64: WAS | D64: 33 | E64: 55 | F64: 567 | G64: 14 | H64: 2 | I64: 1 | J64: 0 | K64: 10 | L64: 101.6 | M64: 61 | N64: 43 | O64: 74 | P64: 555 | Q64: 6 | R64: 3 | S64: 0 | T64: 1 | U64: 16 | V64: 114.5 | W64: 136 | X64: 16 | Y64: 25 | Z64: 184 | AA64: 3 | AB64: 0 | AC64: 0 | AD64: 0 | AE64: 10 | AF64: 34.4 | AG64: HOU | AH64: 66.8 | AI64: 39.294118 | AJ64: DAL | AK64: 74.875 | AL64: 70.470588 | AM64: DAL | AN64: 38 | AO64: 22.352941 | AP64: 371 | AQ64: 61.8 | AR64: 600 | AS64: 330 | AT64: 60.6 | AU64: 545 | AV64: 388 | AW64: 61 | AX64: 636 | AY64: 371 | AZ64: 239 | BA64: 363
A65: 133 | B65: Dyami Brown | C65: WAS | D65: 12 | E65: 23 | F65: 168 | G65: 2 | H65: 1 | I65: 1 | J65: 0 | K65: 17 | L65: 35 | M65: 133 | N65: 5 | O65: 14 | P65: 143 | Q65: 2 | R65: 2 | S65: 1 | T65: 0 | U65: 9 | V65: 32.8 | W65: 146 | X65: 12 | Y65: 25 | Z65: 165 | AA65: 3 | AB65: 0 | AC65: 1 | AD65: 0 | AE65: 10 | AF65: 28.1 | AG65: WAS | AH65: 21.882353 | AI65: 21.882353 | AJ65: WAS | AK65: 20.222222 | AL65: 10.705882 | AM65: WAS | AN65: 45.9 | AO65: 27 | AP65: 371 | AQ65: 61.8 | AR65: 600 | AS65: 312 | AT65: 58.8 | AU65: 531 | AV65: 307 | AW65: 57.5 | AX65: 534 | AY65: 348 | AZ65: 280 | BA65: 197
A66: 145 | B66: Byron Pringle | C66: WAS | D66: 14 | E66: 22 | F66: 161 | G66: 1 | H66: 0 | I66: 0 | J66: 1 | K66: 16 | L66: 28.1 | M66: 128 | N66: 10 | O66: 16 | P66: 135 | Q66: 3 | R66: 2 | S66: 0 | T66: 0 | U66: 10 | V66: 35.5 | W66: 57 | X66: 42 | Y66: 60 | Z66: 568 | AA66: 11 | AB66: 5 | AC66: 0 | AD66: 1 | AE66: 16 | AF66: 126.8 | AG66: WAS | AH66: 17.4375 | AI66: 16.411765 | AJ66: CHI | AK66: 46.7 | AL66: 27.470588 | AM66: KC | AN66: 49.1875 | AO66: 46.294118 | AP66: 371 | AQ66: 61.8 | AR66: 600 | AS66: 215 | AT66: 59.9 | AU66: 359 | AV66: 362 | AW66: 56.9 | AX66: 636 | AY66: 349 | AZ66: 166 | BA66: 283
A67: 126 | B67: Olamide Zaccheaus | C67: WAS | D67: 10 | E67: 20 | F67: 164 | G67: 4 | H67: 2 | I67: 0 | J67: 0 | K67: 17 | L67: 38.4 | M67: 65 | N67: 40 | O67: 61 | P67: 533 | Q67: 9 | R67: 3 | S67: 2 | T67: 1 | U67: 17 | V67: 110 | W67: 78 | X67: 31 | Y67: 53 | Z67: 406 | AA67: 4 | AB67: 3 | AC67: 1 | AD67: 0 | AE67: 15 | AF67: 89.8 | AG67: PHI | AH67: 40.411765 | AI67: 40.411765 | AJ67: ATL | AK67: 69.941176 | AL67: 69.941176 | AM67: ATL | AN67: 61.533333 | AO67: 54.294118 | AP67: 371 | AQ67: 61.8 | AR67: 600 | AS67: 228 | AT67: 57.3 | AU67: 398 | AV67: 251 | AW67: 45.2 | AX67: 555 | AY67: 371 | AZ67: 160 | BA67: 52
A68: 130 | B68: Jamison Crowder | C68: WAS | D68: 16 | E68: 20 | F68: 159 | G68: 1 | H68: 1 | I68: 0 | J68: 1 | K68: 17 | L68: 35.9 | M68: 162 | N68: 6 | O68: 13 | P68: 60 | Q68: 0 | R68: 0 | S68: 0 | T68: 0 | U68: 4 | V68: 12 | W68: 63 | X68: 51 | Y68: 71 | Z68: 447 | AA68: 3 | AB68: 2 | AC68: 0 | AD68: 1 | AE68: 12 | AF68: 109.7 | AG68: WAS | AH68: 16.833333 | AI68: 11.882353 | AJ68: BUF | AK68: 31.25 | AL68: 7.3529412 | AM68: NYJ | AN68: 68 | AO68: 48 | AP68: 371 | AQ68: 61.8 | AR68: 600 | AS68: 367 | AT68: 66 | AU68: 556 | AV68: 372 | AW68: 64.2 | AX68: 579 | AY68: 351 | AZ68: 340 | BA68: 148
A69: 327 | B69: Mitchell Tinsley | C69: WAS | D69: 0 | E69: 0 | F69: 0 | G69: 0 | H69: 0 | I69: 0 | J69: 0 | K69: 1 | L69: 0 | AG69: WAS | AH69: 4 | AI69: 0.23529412 | AP69: 371 | AQ69: 61.8 | AR69: 600 | AY69: 371 | AZ69: 0 | BA69: 0
A70: 237 | B70: Brycen Tremayne | C70: WAS | D70: 0 | E70: 0 | F70: 0 | G70: 0 | H70: 0 | I70: 0 | J70: 0 | K70: 0 | L70: 0 | AP70: 371 | AQ70: 61.8 | AR70: 600 | AY70: 371 | AZ70: 0 | BA70: 0
A71: 249 | B71: Kazmeir Allen | C71: WAS | D71: 0 | E71: 0 | F71: 0 | G71: 0 | H71: 0 | I71: 0 | J71: 0 | K71: 0 | L71: 0 | AP71: 371 | AQ71: 61.8 | AR71: 600 | AY71: 371 | AZ71: 0 | BA71: 0
A72: 288 | B72: Luke McCaffrey | C72: WAS | D72: 0 | E72: 0 | F72: 0 | G72: 0 | H72: 0 | I72: 0 | J72: 0 | K72: 0 | L72: 0 | AP72: 371 | AQ72: 61.8 | AR72: 600 | AY72: 371 | AZ72: 0 | BA72: 0
A73: 334 | B73: Mike Furrey | C73: WAS | D73: 0 | E73: 0 | F73: 0 | G73: 0 | H73: 0 | I73: 0 | J73: 0 | K73: 0 | L73: 0 | AP73: 371 | AQ73: 61.8 | AR73: 600 | AY73: 371 | AZ73: 0 | BA73: 0
A74: 339 | B74: Bobby Wade | C74: WAS | D74: 0 | E74: 0 | F74: 0 | G74: 0 | H74: 0 | I74: 0 | J74: 0 | K74: 0 | L74: 0 | AP74: 371 | AQ74: 61.8 | AR74: 600 | AY74: 371 | AZ74: 0 | BA74: 0
A75: 37 | B75: Romeo Doubs | C75: GB | D75: 59 | E75: 96 | F75: 674 | G75: 7 | H75: 8 | I75: 0 | J75: 0 | K75: 17 | L75: 174.4 | M75: 71 | N75: 42 | O75: 67 | P75: 425 | Q75: 7 | R75: 3 | S75: 1 | T75: 1 | U75: 13 | V75: 101.6 | AG75: GB | AH75: 76.705882 | AI75: 76.705882 | AJ75: GB | AK75: 62.538462 | AL75: 47.823529 | AP75: 367 | AQ75: 65.4 | AR75: 561 | AS75: 326 | AT75: 60.6 | AU75: 538 | AY75: 271 | AZ75: 229 | BA75: 0
A76: 25 | B76: Jayden Reed | C76: GB | D76: 64 | E76: 94 | F76: 793 | G76: 13 | H76: 8 | I76: 11 | J76: 0 | K76: 16 | L76: 217.2 | AG76: GB | AH76: 56.1875 | AI76: 52.882353 | AP76: 367 | AQ76: 65.4 | AR76: 561 | AY76: 273 | AZ76: 0 | BA76: 0
A77: 58 | B77: Dontayvion Wicks | C77: GB | D77: 39 | E77: 58 | F77: 581 | G77: 11 | H77: 4 | I77: 1 | J77: 1 | K77: 15 | L77: 119.8 | AG77: GB | AH77: 47.6 | AI77: 42 | AP77: 367 | AQ77: 65.4 | AR77: 561 | AY77: 309 | AZ77: 0 | BA77: 0
A78: 68 | B78: Christian Watson | C78: GB | D78: 28 | E78: 53 | F78: 422 | G78: 5 | H78: 5 | I78: 4 | J78: 0 | K78: 9 | L78: 101.3 | M78: 41 | N78: 41 | O78: 65 | P78: 611 | Q78: 8 | R78: 7 | S78: 7 | T78: 0 | U78: 14 | V78: 164.1 | AG78: GB | AH78: 76.888889 | AI78: 40.705882 | AJ78: GB | AK78: 57.428571 | AL78: 47.294118 | AP78: 367 | AQ78: 65.4 | AR78: 561 | AS78: 326 | AT78: 60.6 | AU78: 538 | AY78: 314 | AZ78: 231 | BA78: 0
A79: 116 | B79: Bo Melton | C79: GB | D79: 16 | E79: 24 | F79: 218 | G79: 3 | H79: 1 | I79: 3 | J79: 0 | K79: 4 | L79: 45.9 | AG79: GB | AH79: 42.6 | AI79: 12.529412 | AP79: 367 | AQ79: 65.4 | AR79: 561 | AY79: 343 | AZ79: 0 | BA79: 0
A80: 135 | B80: Malik Heath | C80: GB | D80: 15 | E80: 24 | F80: 125 | G80: 0 | H80: 1 | I80: 0 | J80: 0 | K80: 13 | L80: 33.5 | AG80: GB | AH80: 30.615385 | AI80: 23.411765 | AP80: 367 | AQ80: 65.4 | AR80: 561 | AY80: 343 | AZ80: 0 | BA80: 0
A81: 240 | B81: Jalen Wayne | C81: GB | D81: 0 | E81: 0 | F81: 0 | G81: 0 | H81: 0 | I81: 0 | J81: 0 | K81: 0 | L81: 0 | AP81: 367 | AQ81: 65.4 | AR81: 561 | AY81: 367 | AZ81: 0 | BA81: 0
A82: 263 | B82: Julian Hicks | C82: GB | D82: 0 | E82: 0 | F82: 0 | G82: 0 | H82: 0 | I82: 0 | J82: 0 | K82: 0 | L82: 0 | AP82: 367 | AQ82: 65.4 | AR82: 561 | AY82: 367 | AZ82: 0 | BA82: 0
A83: 9 | B83: Stefon Diggs | C83: HOU | D83: 107 | E83: 160 | F83: 1183 | G83: 10 | H83: 8 | I83: 1 | J83: 1 | K83: 17 | L83: 273.8 | M83: 4 | N83: 110 | O83: 156 | P83: 1455 | Q83: 17 | R83: 11 | S83: 1 | T83: 0 | U83: 17 | V83: 321.2 | W83: 7 | X83: 103 | Y83: 164 | Z83: 1225 | AA83: 12 | AB83: 10 | AC83: 0 | AD83: 0 | AE83: 17 | AF83: 285.5 | AG83: BUF | AH83: 81.294118 | AI83: 81.294118 | AJ83: BUF | AK83: 76.875 | AL83: 72.352941 | AM83: BUF | AN83: 81.470588 | AO83: 81.470588 | AP83: 366 | AQ83: 64.8 | AR83: 565 | AS83: 367 | AT83: 66 | AU83: 556 | AV83: 443 | AW83: 71.2 | AX83: 622 | AY83: 366 | AZ83: 197 | BA83: 89
A84: 12 | B84: Nico Collins | C84: HOU | D84: 80 | E84: 109 | F84: 1297 | G84: 25 | H84: 8 | I84: 1 | J84: 0 | K84: 15 | L84: 260.4 | M84: 77 | N84: 37 | O84: 66 | P84: 481 | Q84: 8 | R84: 2 | S84: 0 | T84: 0 | U84: 10 | V84: 97.1 | W84: 87 | X84: 33 | Y84: 60 | Z84: 446 | AA84: 8 | AB84: 1 | AC84: 0 | AD84: 0 | AE84: 14 | AF84: 83.6 | AG84: HOU | AH84: 67.933333 | AI84: 59.941176 | AJ84: HOU | AK84: 71.7 | AL84: 42.176471 | AM84: HOU | AN84: 59.071429 | AO84: 48.647059 | AP84: 366 | AQ84: 64.8 | AR84: 565 | AS84: 294 | AT84: 52.8 | AU84: 557 | AV84: 319 | AW84: 61 | AX84: 523 | AY84: 257 | AZ84: 207 | BA84: 207
A85: 76 | B85: Robert Woods | C85: HOU | D85: 40 | E85: 75 | F85: 426 | G85: 2 | H85: 1 | I85: 1 | J85: 0 | K85: 14 | L85: 89.3 | M85: 59 | N85: 53 | O85: 91 | P85: 527 | Q85: 3 | R85: 2 | S85: 0 | T85: 1 | U85: 17 | V85: 115.7 | W85: 51 | X85: 45 | Y85: 69 | Z85: 556 | AA85: 8 | AB85: 4 | AC85: 8 | AD85: 0 | AE85: 9 | AF85: 137.2 | AG85: HOU | AH85: 69.714286 | AI85: 57.411765 | AJ85: TEN | AK85: 78 | AL85: 78 | AM85: LAR | AN85: 92.222222 | AO85: 48.823529 | AP85: 366 | AQ85: 64.8 | AR85: 565 | AS85: 229 | AT85: 52.5 | AU85: 436 | AV85: 432 | AW85: 71.8 | AX85: 602 | AY85: 291 | AZ85: 118 | BA85: 300
A86: 39 | B86: Tank Dell | C86: HOU | D86: 47 | E86: 75 | F86: 709 | G86: 10 | H86: 7 | I86: 11 | J86: 0 | K86: 11 | L86: 165 | AG86: HOU | AH86: 65.636364 | AI86: 42.470588 | AP86: 366 | AQ86: 64.8 | AR86: 565 | AY86: 291 | AZ86: 0 | BA86: 0
A87: 138 | B87: John Metchie III | C87: HOU | D87: 16 | E87: 30 | F87: 158 | G87: 1 | H87: 0 | I87: 1 | J87: 0 | K87: 16 | L87: 32.2 | AG87: HOU | AH87: 30.5625 | AI87: 28.764706 | AP87: 366 | AQ87: 64.8 | AR87: 565 | AY87: 336 | AZ87: 0 | BA87: 0
A88: 153 | B88: Xavier Hutchinson | C88: HOU | D88: 8 | E88: 19 | F88: 90 | G88: 1 | H88: 0 | I88: 5 | J88: 0 | K88: 15 | L88: 21.9 | AG88: HOU | AH88: 30.214286 | AI88: 24.882353 | AP88: 366 | AQ88: 64.8 | AR88: 565 | AY88: 347 | AZ88: 0 | BA88: 0
A89: 187 | B89: Steven Sims Jr. | C89: HOU | D89: 3 | E89: 3 | F89: 25 | G89: 1 | H89: 0 | I89: 1 | J89: 0 | K89: 3 | L89: 5.6 | M89: 134 | N89: 14 | O89: 23 | P89: 104 | Q89: 1 | R89: 0 | S89: 13 | T89: 0 | U89: 12 | V89: 31.4 | AG89: HOU | AH89: 4.6666667 | AI89: 0.82352941 | AJ89: PIT | AK89: 34.083333 | AL89: 24.058824 | AP89: 366 | AQ89: 64.8 | AR89: 565 | AS89: 315 | AT89: 57.5 | AU89: 548 | AY89: 363 | AZ89: 242 | BA89: 0
A90: 329 | B90: Johnny Johnson III | C90: HOU | D90: 0 | E90: 0 | F90: 0 | G90: 0 | H90: 0 | I90: 0 | J90: 0 | K90: 1 | L90: 0 | AG90: HOU | AH90: 7 | AI90: 0.41176471 | AP90: 366 | AQ90: 64.8 | AR90: 565 | AY90: 366 | AZ90: 0 | BA90: 0
A91: 268 | B91: Xavier Johnson | C91: HOU | D91: 0 | E91: 0 | F91: 0 | G91: 0 | H91: 0 | I91: 0 | J91: 0 | K91: 0 | L91: 0 | AP91: 366 | AQ91: 64.8 | AR91: 565 | AY91: 366 | AZ91: 0 | BA91: 0
A92: 32 | B92: Tyler Lockett | C92: SEA | D92: 79 | E92: 122 | F92: 894 | G92: 9 | H92: 5 | I92: 0 | J92: 0 | K92: 17 | L92: 202.4 | M92: 13 | N92: 84 | O92: 117 | P92: 1033 | Q92: 14 | R92: 9 | S92: 0 | T92: 2 | U92: 16 | V92: 237.3 | W92: 16 | X92: 73 | Y92: 107 | Z92: 1175 | AA92: 22 | AB92: 8 | AC92: 2 | AD92: 0 | AE92: 16 | AF92: 241.4 | AG92: SEA | AH92: 79.941176 | AI92: 79.941176 | AJ92: SEA | AK92: 79.75 | AL92: 75.058824 | AM92: SEA | AN92: 87.3125 | AO92: 82.176471 | AP92: 361 | AQ92: 66.1 | AR92: 546 | AS92: 333 | AT92: 60.2 | AU92: 553 | AV92: 309 | AW92: 65.3 | AX92: 473 | AY92: 239 | AZ92: 208 | BA92: 149
A93: 21 | B93: DK Metcalf | C93: SEA | D93: 66 | E93: 119 | F93: 1114 | G93: 19 | H93: 8 | I93: 0 | J93: 0 | K93: 16 | L93: 225.4 | M93: 16 | N93: 90 | O93: 141 | P93: 1048 | Q93: 11 | R93: 6 | S93: 0 | T93: 2 | U93: 17 | V93: 226.8 | W93: 14 | X93: 75 | Y93: 129 | Z93: 967 | AA93: 11 | AB93: 12 | AC93: 1 | AD93: 0 | AE93: 17 | AF93: 244.3 | AG93: SEA | AH93: 84.3125 | AI93: 79.352941 | AJ93: SEA | AK93: 82.411765 | AL93: 82.411765 | AM93: SEA | AN93: 83.529412 | AO93: 83.529412 | AP93: 361 | AQ93: 66.1 | AR93: 546 | AS93: 333 | AT93: 60.2 | AU93: 553 | AV93: 309 | AW93: 65.3 | AX93: 473 | AY93: 242 | AZ93: 184 | BA93: 127
A94: 48 | B94: Jaxon Smith-Njigba | C94: SEA | D94: 63 | E94: 93 | F94: 628 | G94: 7 | H94: 4 | I94: 0 | J94: 0 | K94: 17 | L94: 149.8 | AG94: SEA | AH94: 64.823529 | AI94: 64.823529 | AP94: 361 | AQ94: 66.1 | AR94: 546 | AY94: 268 | AZ94: 0 | BA94: 0
A95: 105 | B95: Jake Bobo | C95: SEA | D95: 19 | E95: 25 | F95: 196 | G95: 3 | H95: 2 | I95: 1 | J95: 0 | K95: 17 | L95: 56.9 | AG95: SEA | AH95: 28.470588 | AI95: 28.470588 | AP95: 361 | AQ95: 66.1 | AR95: 546 | AY95: 336 | AZ95: 0 | BA95: 0
A96: 155 | B96: Laviska Shenault Jr. | C96: SEA | D96: 10 | E96: 10 | F96: 60 | G96: 0 | H96: 0 | I96: 12 | J96: 0 | K96: 8 | L96: 21.5 | M96: 95 | N96: 27 | O96: 32 | P96: 272 | Q96: 3 | R96: 1 | S96: 9 | T96: 0 | U96: 13 | V96: 72.7 | W96: 56 | X96: 63 | Y96: 100 | Z96: 619 | AA96: 5 | AB96: 0 | AC96: 11 | AD96: 1 | AE96: 16 | AF96: 127 | AG96: CAR | AH96: 16.125 | AI96: 7.5882353 | AJ96: CAR | AK96: 24.769231 | AL96: 18.941176 | AM96: JAC | AN96: 68.25 | AO96: 64.235294 | AP96: 361 | AQ96: 66.1 | AR96: 546 | AS96: 265 | AT96: 62.1 | AU96: 427 | AV96: 382 | AW96: 65.3 | AX96: 585 | AY96: 361 | AZ96: 169 | BA96: 232
A97: 210 | B97: Easop Winston Jr. | C97: SEA | D97: 0 | E97: 0 | F97: 0 | G97: 0 | H97: 0 | I97: 0 | J97: 0 | K97: 1 | L97: 0 | W97: 220 | X97: 1 | Y97: 1 | Z97: 5 | AA97: 0 | AB97: 0 | AC97: 0 | AD97: 0 | AE97: 3 | AF97: 1.5 | AG97: SEA | AH97: 3 | AI97: 0.17647059 | AM97: NO | AN97: 8 | AO97: 1.4117647 | AP97: 361 | AQ97: 66.1 | AR97: 546 | AV97: 248 | AW97: 52.3 | AX97: 474 | AY97: 361 | AZ97: 0 | BA97: 211
A98: 316 | B98: Dareke Young | C98: SEA | D98: 0 | E98: 0 | F98: 0 | G98: 0 | H98: 0 | I98: 0 | J98: 0 | K98: 5 | L98: 0 | M98: 190 | N98: 2 | O98: 2 | P98: 24 | Q98: 0 | R98: 0 | S98: 0 | T98: 0 | U98: 7 | V98: 4.4 | AG98: SEA | AH98: 3 | AI98: 0.88235294 | AJ98: SEA | AK98: 15.142857 | AL98: 6.2352941 | AP98: 361 | AQ98: 66.1 | AR98: 546 | AS98: 333 | AT98: 60.2 | AU98: 553 | AY98: 361 | AZ98: 323 | BA98: 0
A99: 206 | B99: Marcus Simms | C99: SEA | D99: 0 | E99: 0 | F99: 0 | G99: 0 | H99: 0 | I99: 0 | J99: 0 | K99: 0 | L99: 0 | AP99: 361 | AQ99: 66.1 | AR99: 546 | AY99: 361 | AZ99: 0 | BA99: 0
A100: 208 | B100: Cody White | C100: SEA | D100: 0 | E100: 0 | F100: 0 | G100: 0 | H100: 0 | I100: 0 | J100: 0 | K100: 0 | L100: 0 | M100: 215 | N100: 1 | O100: 1 | P100: 2 | Q100: 0 | R100: 0 | S100: 0 | T100: 0 | U100: 1 | V100: 1.2 | W100: 185 | X100: 5 | Y100: 6 | Z100: 33 | AA100: 0 | AB100: 0 | AC100: 0 | AD100: 0 | AE100: 6 | AF100: 8.3 | AJ100: PIT | AK100: 14 | AL100: 0.82352941 | AM100: PIT | AN100: 15.666667 | AO100: 5.5294118 | AP100: 361 | AQ100: 66.1 | AR100: 546 | AS100: 315 | AT100: 57.5 | AU100: 548 | AV100: 419 | AW100: 64.2 | AX100: 653 | AY100: 361 | AZ100: 264 | BA100: 368
...

Sheet TE
A1: rank | B1: player | C1: rec | D1: tgt | E1: yds | F1: 20+ | G1: td | H1: att | I1: fl | J1: g | K1: fpts | L1: team | M1: rank_1 | N1: rec_1 | O1: tgt_1 | P1: yds_1 | Q1: 20+_1 | R1: td_1 | S1: att_1 | T1: fl_1 | U1: g_1 | V1: fpts_1 | W1: rank_2 | X1: rec_2 | Y1: tgt_2 | Z1: yds_2 | AA1: 20+_2 | AB1: td_2 | AC1: att_2 | AD1: fl_2 | AE1: g_2 | AF1: fpts_2 | AG1: team_0 | AH1: avg_snap_pct_played | AI1: avg_snap_pct_global | AJ1: team_1 | AK1: avg_snap_pct_played_1 | AL1: avg_snap_pct_global_1 | AM1: team_2 | AN1: avg_snap_pct_played_2 | AO1: avg_snap_pct_global_2 | AP1: te_targets | AQ1: te_pct | AR1: total_targets | AS1: te_targets_1 | AT1: te_pct_1 | AU1: total_targets_1 | AV1: te_targets_2 | AW1: te_pct_2 | AX1: total_targets_2 | AY1: tgt_teammates | AZ1: tgt_teammates_1 | BA1: tgt_teammates_2
A2: 1 | B2: Sam LaPorta | C2: 86 | D2: 120 | E2: 889 | F2: 8 | G2: 10 | H2: 1 | I2: 0 | J2: 17 | K2: 239.3 | L2: DET | AG2: DET | AH2: 82.588235 | AI2: 82.588235 | AP2: 136 | AQ2: 23.8 | AR2: 571 | AY2: 16 | AZ2: 0 | BA2: 0
A3: 2 | B3: Evan Engram | C3: 114 | D3: 143 | E3: 963 | F3: 9 | G3: 4 | H3: 0 | I3: 2 | J3: 17 | K3: 230.3 | L3: JAC | M3: 5 | N3: 73 | O3: 98 | P3: 766 | Q3: 10 | R3: 4 | S3: 2 | T3: 0 | U3: 17 | V3: 176.9 | W3: 23 | X3: 46 | Y3: 73 | Z3: 408 | AA3: 2 | AB3: 3 | AC3: 1 | AD3: 1 | AE3: 15 | AF3: 102.5 | AG3: JAC | AH3: 78.647059 | AI3: 78.647059 | AJ3: JAC | AK3: 77.470588 | AL3: 77.470588 | AM3: NYG | AN3: 74.666667 | AO3: 65.882353 | AP3: 167 | AQ3: 27.5 | AR3: 607 | AS3: 123 | AT3: 21.4 | AU3: 575 | AV3: 121 | AW3: 21.6 | AX3: 561 | AY3: 24 | AZ3: 12 | BA3: 0
A4: 3 | B4: Travis Kelce | C4: 93 | D4: 121 | E4: 984 | F4: 12 | G4: 5 | H4: 0 | I4: 1 | J4: 15 | K4: 219.4 | L4: KC | M4: 1 | N4: 110 | O4: 152 | P4: 1338 | Q4: 19 | R4: 12 | S4: 2 | T4: 1 | U4: 17 | V4: 316.3 | W4: 2 | X4: 92 | Y4: 134 | Z4: 1125 | AA4: 13 | AB4: 9 | AC4: 2 | AD4: 1 | AE4: 16 | AF4: 262.8 | AG4: KC | AH4: 77 | AI4: 67.941176 | AJ4: KC | AK4: 79.588235 | AL4: 79.588235 | AM4: KC | AN4: 82.125 | AO4: 77.294118 | AP4: 171 | AQ4: 28.6 | AR4: 598 | AS4: 201 | AT4: 32.8 | AU4: 613 | AV4: 162 | AW4: 25.5 | AX4: 636 | AY4: 50 | AZ4: 36 | BA4: 23
A5: 4 | B5: T.J. Hockenson | C5: 95 | D5: 127 | E5: 960 | F5: 13 | G5: 5 | H5: 0 | I5: 1 | J5: 15 | K5: 219 | L5: MIN | M5: 2 | N5: 86 | O5: 129 | P5: 914 | Q5: 5 | R5: 6 | S5: 0 | T5: 1 | U5: 17 | V5: 215.4 | W5: 15 | X5: 61 | Y5: 84 | Z5: 583 | AA5: 8 | AB5: 4 | AC5: 0 | AD5: 0 | AE5: 12 | AF5: 145.3 | AG5: MIN | AH5: 79.066667 | AI5: 69.764706 | AJ5: MIN | AK5: 84.470588 | AL5: 79.777778 | AM5: DET | AN5: 83.916667 | AO5: 59.235294 | AP5: 179 | AQ5: 29.5 | AR5: 606 | AS5: 146 | AT5: 22.8 | AU5: 641 | AV5: 113 | AW5: 20.4 | AX5: 554 | AY5: 52 | AZ5: 57 | BA5: 24
A6: 5 | B6: George Kittle | C6: 65 | D6: 90 | E6: 1020 | F6: 18 | G6: 6 | H6: 1 | I6: 0 | J6: 16 | K6: 203.2 | L6: SF | M6: 3 | N6: 60 | O6: 86 | P6: 765 | Q6: 12 | R6: 11 | S6: 0 | T6: 1 | U6: 15 | V6: 200.5 | W6: 4 | X6: 71 | Y6: 94 | Z6: 910 | AA6: 13 | AB6: 6 | AC6: 3 | AD6: 1 | AE6: 14 | AF6: 198 | AG6: SF | AH6: 89.5 | AI6: 84.235294 | AJ6: SF | AK6: 89.6 | AL6: 79.058824 | AM6: SF | AN6: 91.857143 | AO6: 75.647059 | AP6: 95 | AQ6: 20.2 | AR6: 471 | AS6: 98 | AT6: 19.4 | AU6: 504 | AV6: 105 | AW6: 21.2 | AX6: 496 | AY6: 8 | AZ6: 12 | BA6: 11
A7: 6 | B7: David Njoku | C7: 81 | D7: 123 | E7: 882 | F7: 12 | G7: 6 | H7: 0 | I7: 2 | J7: 16 | K7: 201.2 | L7: CLE | M7: 11 | N7: 58 | O7: 80 | P7: 628 | Q7: 8 | R7: 4 | S7: 2 | T7: 1 | U7: 14 | V7: 142 | W7: 22 | X7: 36 | Y7: 53 | Z7: 475 | AA7: 8 | AB7: 4 | AC7: 1 | AD7: 0 | AE7: 15 | AF7: 107.6 | AG7: CLE | AH7: 81.625 | AI7: 76.823529 | AJ7: CLE | AK7: 84.285714 | AL7: 69.411765 | AM7: CLE | AN7: 64.8 | AO7: 57.176471 | AP7: 166 | AQ7: 27.8 | AR7: 597 | AS7: 133 | AT7: 26.3 | AU7: 506 | AV7: 142 | AW7: 28.5 | AX7: 499 | AY7: 43 | AZ7: 43 | BA7: 89
A8: 7 | B8: Trey McBride | C8: 81 | D8: 106 | E8: 825 | F8: 9 | G8: 3 | H8: 0 | I8: 0 | J8: 17 | K8: 181.5 | L8: ARI | M8: 40 | N8: 29 | O8: 39 | P8: 265 | Q8: 3 | R8: 1 | S8: 0 | T8: 0 | U8: 12 | V8: 61.5 | AG8: ARI | AH8: 68.941176 | AI8: 68.941176 | AJ8: ARI | AK8: 68 | AL8: 48 | AP8: 179 | AQ8: 33.1 | AR8: 540 | AS8: 118 | AT8: 18.6 | AU8: 634 | AY8: 73 | AZ8: 76 | BA8: 0
A9: 8 | B9: Cole Kmet | C9: 73 | D9: 90 | E9: 719 | F9: 9 | G9: 6 | H9: 3 | I9: 0 | J9: 17 | K9: 181.1 | L9: CHI | M9: 8 | N9: 50 | O9: 69 | P9: 544 | Q9: 6 | R9: 7 | S9: 2 | T9: 0 | U9: 17 | V9: 147.3 | W9: 20 | X9: 60 | Y9: 93 | Z9: 612 | AA9: 7 | AB9: 0 | AC9: 1 | AD9: 0 | AE9: 17 | AF9: 121.2 | AG9: CHI | AH9: 77.117647 | AI9: 77.117647 | AJ9: CHI | AK9: 93.529412 | AL9: 93.529412 | AM9: CHI | AN9: 83.647059 | AO9: 83.647059 | AP9: 112 | AQ9: 23.5 | AR9: 477 | AS9: 82 | AT9: 22.8 | AU9: 359 | AV9: 127 | AW9: 24.2 | AX9: 524 | AY9: 22 | AZ9: 5 | BA9: 26
A10: 9 | B10: Jake Ferguson | C10: 71 | D10: 102 | E10: 761 | F10: 8 | G10: 5 | H10: 0 | I10: 0 | J10: 17 | K10: 177.1 | L10: DAL | M10: 48 | N10: 19 | O10: 22 | P10: 174 | Q10: 3 | R10: 2 | S10: 0 | T10: 0 | U10: 11 | V10: 48.4 | AG10: DAL | AH10: 74.647059 | AI10: 74.647059 | AJ10: DAL | AK10: 42.818182 | AL10: 27.705882 | AP10: 126 | AQ10: 20.8 | AR10: 605 | AS10: 130 | AT10: 23.9 | AU10: 545 | AY10: 24 | AZ10: 108 | BA10: 0
A11: 10 | B11: Dalton Schultz | C11: 59 | D11: 88 | E11: 635 | F11: 7 | G11: 5 | H11: 0 | I11: 1 | J11: 15 | K11: 150.5 | L11: HOU | M11: 10 | N11: 57 | O11: 89 | P11: 577 | Q11: 5 | R11: 5 | S11: 0 | T11: 1 | U11: 15 | V11: 142.7 | W11: 3 | X11: 78 | Y11: 104 | Z11: 808 | AA11: 6 | AB11: 8 | AC11: 0 | AD11: 0 | AE11: 17 | AF11: 208.8 | AG11: HOU | AH11: 72.666667 | AI11: 64.117647 | AJ11: DAL | AK11: 78.266667 | AL11: 69.058824 | AM11: DAL | AN11: 81.058824 | AO11: 81.058824 | AP11: 128 | AQ11: 22.7 | AR11: 565 | AS11: 130 | AT11: 23.9 | AU11: 545 | AV11: 130 | AW11: 20.4 | AX11: 636 | AY11: 37 | AZ11: 41 | BA11: 6
A12: 11 | B12: Dalton Kincaid | C12: 73 | D12: 91 | E12: 673 | F12: 5 | G12: 2 | H12: 0 | I12: 1 | J12: 16 | K12: 150.3 | L12: BUF | AG12: BUF | AH12: 63.375 | AI12: 59.647059 | AP12: 130 | AQ12: 23.9 | AR12: 545 | AY12: 39 | AZ12: 0 | BA12: 0
A13: 12 | B13: Taysom Hill | C13: 33 | D13: 40 | E13: 291 | F13: 2 | G13: 2 | H13: 81 | I13: 1 | J13: 16 | K13: 143.5 | L13: NO | M13: 9 | N13: 9 | O13: 13 | P13: 77 | Q13: 1 | R13: 2 | S13: 96 | T13: 0 | U13: 16 | V13: 145.8 | W13: 138 | X13: 4 | Y13: 6 | Z13: 52 | AA13: 0 | AB13: 0 | AC13: 70 | AD13: 0 | AE13: 12 | AF13: 0 | AG13: NO | AH13: 37.5625 | AI13: 35.352941 | AJ13: NO | AK13: 33.875 | AL13: 31.882353 | AM13: NO | AN13: 55.5 | AO13: 39.176471 | AP13: 131 | AQ13: 22.6 | AR13: 579 | AS13: 102 | AT13: 20.7 | AU13: 493 | AV13: 92 | AW13: 19.4 | AX13: 474 | AY13: 91 | AZ13: 87 | BA13: 80
A14: 13 | B14: Kyle Pitts | C14: 53 | D14: 90 | E14: 667 | F14: 7 | G14: 3 | H14: 1 | I14: 0 | J14: 17 | K14: 137.3 | L14: ATL | M14: 33 | N14: 28 | O14: 59 | P14: 356 | Q14: 5 | R14: 2 | S14: 0 | T14: 0 | U14: 10 | V14: 75.6 | W14: 6 | X14: 68 | Y14: 110 | Z14: 1026 | AA14: 16 | AB14: 1 | AC14: 0 | AD14: 0 | AE14: 17 | AF14: 176.6 | AG14: ATL | AH14: 64.470588 | AI14: 64.470588 | AJ14: ATL | AK14: 71.9 | AL14: 42.294118 | AM14: ATL | AN14: 73.529412 | AO14: 73.529412 | AP14: 174 | AQ14: 34.3 | AR14: 507 | AS14: 104 | AT14: 26.1 | AU14: 398 | AV14: 158 | AW14: 28.5 | AX14: 555 | AY14: 84 | AZ14: 45 | BA14: 37
A15: 14 | B15: Dallas Goedert | C15: 59 | D15: 83 | E15: 592 | F15: 6 | G15: 3 | H15: 1 | I15: 0 | J15: 14 | K15: 136.3 | L15: PHI | M15: 12 | N15: 55 | O15: 69 | P15: 702 | Q15: 11 | R15: 3 | S15: 0 | T15: 1 | U15: 12 | V15: 141.2 | W15: 8 | X15: 56 | Y15: 76 | Z15: 830 | AA15: 14 | AB15: 4 | AC15: 0 | AD15: 0 | AE15: 15 | AF15: 165 | AG15: PHI | AH15: 84.5 | AI15: 69.588235 | AJ15: PHI | AK15: 90 | AL15: 63.529412 | AM15: PHI | AN15: 78.066667 | AO15: 68.882353 | AP15: 96 | AQ15: 18.3 | AR15: 525 | AS15: 93 | AT15: 18.4 | AU15: 505 | AV15: 121 | AW15: 26 | AX15: 466 | AY15: 13 | AZ15: 24 | BA15: 12
A16: 15 | B16: Mark Andrews | C16: 45 | D16: 61 | E16: 544 | F16: 8 | G16: 6 | H16: 1 | I16: 0 | J16: 10 | K16: 135.4 | L16: BAL | M16: 4 | N16: 73 | O16: 113 | P16: 847 | Q16: 7 | R16: 5 | S16: 3 | T16: 0 | U16: 15 | V16: 190.5 | W16: 1 | X16: 107 | Y16: 153 | Z16: 1361 | AA16: 20 | AB16: 9 | AC16: 1 | AD16: 0 | AE16: 17 | AF16: 301.1 | AG16: BAL | AH16: 69.8 | AI16: 41.058824 | AJ16: BAL | AK16: 83.866667 | AL16: 74 | AM16: BAL | AN16: 75.588235 | AO16: 75.588235 | AP16: 110 | AQ16: 23.1 | AR16: 476 | AS16: 204 | AT16: 43.9 | AU16: 465 | AV16: 172 | AW16: 29.1 | AX16: 592 | AY16: 49 | AZ16: 91 | BA16: 17
A17: 16 | B17: Logan Thomas | C17: 55 | D17: 78 | E17: 496 | F17: 3 | G17: 4 | H17: 1 | I17: 2 | J17: 16 | K17: 126.8 | L17: FA | M17: 32 | N17: 39 | O17: 61 | P17: 323 | Q17: 2 | R17: 1 | S17: 0 | T17: 0 | U17: 13 | V17: 77.3 | W17: 44 | X17: 18 | Y17: 25 | Z17: 196 | AA17: 2 | AB17: 3 | AC17: 0 | AD17: 1 | AE17: 5 | AF17: 53.6 | AG17: WAS | AH17: 69.1875 | AI17: 65.117647 | AJ17: WAS | AK17: 69.307692 | AL17: 53 | AM17: WAS | AN17: 88.6 | AO17: 26.058824 | AS17: 98 | AT17: 18.5 | AU17: 531 | AV17: 99 | AW17: 18.5 | AX17: 534 | AY17: 0 | AZ17: 31 | BA17: 25
A18: 17 | B18: Jonnu Smith | C18: 50 | D18: 70 | E18: 582 | F18: 4 | G18: 3 | H18: 1 | I18: 1 | J18: 17 | K18: 124.2 | L18: MIA | M18: 47 | N18: 27 | O18: 38 | P18: 245 | Q18: 3 | R18: 0 | S18: 1 | T18: 0 | U18: 12 | V18: 52 | W18: 35 | X18: 28 | Y18: 45 | Z18: 294 | AA18: 5 | AB18: 1 | AC18: 9 | AD18: 0 | AE18: 16 | AF18: 67.4 | AG18: ATL | AH18: 57.352941 | AI18: 57.352941 | AJ18: NE | AK18: 51.166667 | AL18: 36.117647 | AM18: NE | AN18: 51.125 | AO18: 48.117647 | AP18: 52 | AQ18: 9.5 | AR18: 549 | AS18: 97 | AT18: 18.9 | AU18: 513 | AV18: 120 | AW18: 22.9 | AX18: 523 | AY18: 52 | AZ18: 79 | BA18: 75
A19: 18 | B19: Tyler Conklin | C19: 61 | D19: 87 | E19: 621 | F19: 7 | G19: 0 | H19: 1 | I19: 0 | J19: 17 | K19: 123.1 | L19: NYJ | M19: 16 | N19: 58 | O19: 87 | P19: 552 | Q19: 6 | R19: 3 | S19: 2 | T19: 0 | U19: 17 | V19: 131.5 | W19: 16 | X19: 61 | Y19: 87 | Z19: 593 | AA19: 4 | AB19: 3 | AC19: 0 | AD19: 0 | AE19: 17 | AF19: 138.3 | AG19: NYJ | AH19: 70.235294 | AI19: 70.235294 | AJ19: NYJ | AK19: 77 | AL19: 77 | AM19: MIN | AN19: 81 | AO19: 81 | AP19: 125 | AQ19: 22.2 | AR19: 562 | AS19: 116 | AT19: 19.8 | AU19: 587 | AV19: 97 | AW19: 16.8 | AX19: 577 | AY19: 38 | AZ19: 29 | BA19: 0
A20: 19 | B20: Hunter Henry | C20: 42 | D20: 61 | E20: 419 | F20: 2 | G20: 6 | H20: 0 | I20: 0 | J20: 14 | K20: 119.9 | L20: NE | M20: 22 | N20: 41 | O20: 59 | P20: 509 | Q20: 10 | R20: 2 | S20: 0 | T20: 0 | U20: 16 | V20: 103.9 | W20: 10 | X20: 50 | Y20: 75 | Z20: 603 | AA20: 8 | AB20: 9 | AC20: 0 | AD20: 0 | AE20: 16 | AF20: 164.3 | AG20: NE | AH20: 74.714286 | AI20: 61.529412 | AJ20: NE | AK20: 80 | AL20: 75.294118 | AM20: NE | AN20: 69.625 | AO20: 65.529412 | AP20: 121 | AQ20: 22.4 | AR20: 541 | AS20: 97 | AT20: 18.9 | AU20: 513 | AV20: 120 | AW20: 22.9 | AX20: 523 | AY20: 60 | AZ20: 58 | BA20: 45
A21: 20 | B21: Cade Otton | C21: 47 | D21: 67 | E21: 455 | F21: 6 | G21: 4 | H21: 0 | I21: 1 | J21: 17 | K21: 116.5 | L21: TB | M21: 26 | N21: 42 | O21: 65 | P21: 391 | Q21: 4 | R21: 2 | S21: 0 | T21: 0 | U21: 16 | V21: 93.1 | AG21: TB | AH21: 96.235294 | AI21: 96.235294 | AJ21: TB | AK21: 68.5 | AL21: 64.470588 | AP21: 81 | AQ21: 14.7 | AR21: 550 | AS21: 118 | AT21: 16.3 | AU21: 723 | AY21: 14 | AZ21: 10 | BA21: 0
A22: 21 | B22: Chigoziem Okonkwo | C22: 54 | D22: 77 | E22: 528 | F22: 6 | G22: 1 | H22: 2 | I22: 0 | J22: 17 | K22: 113.4 | L22: TEN | M22: 25 | N22: 32 | O22: 46 | P22: 450 | Q22: 7 | R22: 3 | S22: 3 | T22: 0 | U22: 16 | V22: 97.2 | AG22: TEN | AH22: 65.470588 | AI22: 65.470588 | AJ22: TEN | AK22: 37.5625 | AL22: 35.352941 | AP22: 98 | AQ22: 20.6 | AR22: 476 | AS22: 122 | AT22: 28 | AU22: 436 | AY22: 21 | AZ22: 76 | BA22: 0
A23: 22 | B23: Darren Waller | C23: 52 | D23: 74 | E23: 552 | F23: 8 | G23: 1 | H23: 0 | I23: 0 | J23: 12 | K23: 113.2 | L23: FA | M23: 31 | N23: 28 | O23: 43 | P23: 388 | Q23: 9 | R23: 3 | S23: 0 | T23: 0 | U23: 9 | V23: 84.8 | W23: 17 | X23: 55 | Y23: 93 | Z23: 665 | AA23: 13 | AB23: 2 | AC23: 0 | AD23: 0 | AE23: 11 | AF23: 133.5 | AG23: NYG | AH23: 69.083333 | AI23: 48.764706 | AJ23: LV | AK23: 63.125 | AL23: 29.705882 | AM23: LV | AN23: 82.909091 | AO23: 53.647059 | AS23: 101 | AT23: 18.1 | AU23: 559 | AV23: 141 | AW23: 23.4 | AX23: 603 | AY23: 0 | AZ23: 58 | BA23: 44
A24: 23 | B24: Gerald Everett | C24: 51 | D24: 70 | E24: 411 | F24: 4 | G24: 3 | H24: 3 | I24: 0 | J24: 15 | K24: 111.1 | L24: CHI | M24: 13 | N24: 58 | O24: 87 | P24: 555 | Q24: 4 | R24: 4 | S24: 1 | T24: 0 | U24: 15 | V24: 139.5 | W24: 21 | X24: 48 | Y24: 63 | Z24: 478 | AA24: 5 | AB24: 4 | AC24: 3 | AD24: 2 | AE24: 15 | AF24: 117.8 | AG24: LAC | AH24: 56.6 | AI24: 49.941176 | AJ24: LAC | AK24: 59.066667 | AL24: 52.117647 | AM24: SEA | AN24: 75.2 | AO24: 66.352941 | AP24: 112 | AQ24: 23.5 | AR24: 477 | AS24: 126 | AT24: 18.4 | AU24: 685 | AV24: 97 | AW24: 20.5 | AX24: 473 | AY24: 112 | AZ24: 44 | BA24: 34
A25: 24 | B25: Tyler Higbee | C25: 47 | D25: 70 | E25: 495 | F25: 6 | G25: 2 | H25: 0 | I25: 0 | J25: 15 | K25: 108.5 | L25: LAR | M25: 6 | N25: 72 | O25: 108 | P25: 620 | Q25: 4 | R25: 3 | S25: 0 | T25: 0 | U25: 16 | V25: 152 | W25: 14 | X25: 61 | Y25: 85 | Z25: 560 | AA25: 3 | AB25: 5 | AC25: 0 | AD25: 0 | AE25: 15 | AF25: 147 | AG25: LAR | AH25: 86.533333 | AI25: 76.352941 | AJ25: LAR | AK25: 88.1875 | AL25: 83 | AM25: LAR | AN25: 91.8 | AO25: 81 | AP25: 88 | AQ25: 15.9 | AR25: 555 | AS25: 122 | AT25: 23.6 | AU25: 516 | AV25: 94 | AW25: 15.6 | AX25: 602 | AY25: 18 | AZ25: 11 | BA25: 2
A26: 25 | B26: Isaiah Likely | C26: 30 | D26: 40 | E26: 411 | F26: 6 | G26: 5 | H26: 0 | I26: 0 | J26: 17 | K26: 101.1 | L26: BAL | M26: 27 | N26: 36 | O26: 60 | P26: 373 | Q26: 4 | R26: 3 | S26: 0 | T26: 0 | U26: 14 | V26: 91.3 | AG26: BAL | AH26: 43.647059 | AI26: 43.647059 | AJ26: BAL | AK26: 40.071429 | AL26: 33 | AP26: 110 | AQ26: 23.1 | AR26: 476 | AS26: 204 | AT26: 43.9 | AU26: 465 | AY26: 70 | AZ26: 144 | BA26: 0
A27: 26 | B27: Juwan Johnson | C27: 37 | D27: 59 | E27: 368 | F27: 7 | G27: 4 | H27: 0 | I27: 0 | J27: 13 | K27: 97.8 | L27: NO | M27: 15 | N27: 42 | O27: 65 | P27: 508 | Q27: 8 | R27: 7 | S27: 0 | T27: 0 | U27: 16 | V27: 134.8 | W27: 46 | X27: 13 | Y27: 22 | Z27: 159 | AA27: 3 | AB27: 4 | AC27: 0 | AD27: 0 | AE27: 13 | AF27: 52.9 | AG27: NO | AH27: 64.769231 | AI27: 49.529412 | AJ27: NO | AK27: 64.8125 | AL27: 61 | AM27: NO | AN27: 25.692308 | AO27: 19.647059 | AP27: 131 | AQ27: 22.6 | AR27: 579 | AS27: 102 | AT27: 20.7 | AU27: 493 | AV27: 92 | AW27: 19.4 | AX27: 474 | AY27: 72 | AZ27: 35 | BA27: 64
A28: 27 | B28: Tanner Hudson | C28: 39 | D28: 50 | E28: 352 | F28: 3 | G28: 1 | H28: 0 | I28: 0 | J28: 12 | K28: 80.2 | L28: CIN | M28: 75 | N28: 10 | O28: 15 | P28: 132 | Q28: 1 | R28: 0 | S28: 0 | T28: 0 | U28: 6 | V28: 23.2 | AG28: CIN | AH28: 35.5 | AI28: 25.058824 | AJ28: NYG | AK28: 40.5 | AL28: 14.294118 | AP28: 115 | AQ28: 19.5 | AR28: 591 | AS28: 65 | AT28: 13.3 | AU28: 489 | AY28: 65 | AZ28: 35 | BA28: 0
A29: 28 | B29: Donald Parham Jr. | C29: 27 | D29: 41 | E29: 285 | F29: 2 | G29: 4 | H29: 0 | I29: 0 | J29: 14 | K29: 79.5 | L29: DEN | M29: 65 | N29: 10 | O29: 12 | P29: 130 | Q29: 2 | R29: 1 | S29: 0 | T29: 0 | U29: 6 | V29: 29 | W29: 42 | X29: 20 | Y29: 27 | Z29: 190 | AA29: 1 | AB29: 3 | AC29: 0 | AD29: 0 | AE29: 14 | AF29: 59 | AG29: LAC | AH29: 47.928571 | AI29: 39.470588 | AJ29: LAC | AK29: 33.833333 | AL29: 11.941176 | AM29: LAC | AN29: 41.142857 | AO29: 33.882353 | AP29: 62 | AQ29: 13 | AR29: 477 | AS29: 126 | AT29: 18.4 | AU29: 685 | AV29: 137 | AW29: 20.8 | AX29: 658 | AY29: 62 | AZ29: 119 | BA29: 27
A30: 29 | B30: Tucker Kraft | C30: 31 | D30: 40 | E30: 355 | F30: 5 | G30: 2 | H30: 0 | I30: 0 | J30: 17 | K30: 78.5 | L30: GB | AG30: GB | AH30: 56.588235 | AI30: 56.588235 | AP30: 100 | AQ30: 17.8 | AR30: 561 | AY30: 60 | AZ30: 0 | BA30: 0
A31: 30 | B31: Pat Freiermuth | C31: 32 | D31: 47 | E31: 308 | F31: 3 | G31: 2 | H31: 0 | I31: 0 | J31: 12 | K31: 76.8 | L31: PIT | M31: 7 | N31: 63 | O31: 98 | P31: 732 | Q31: 9 | R31: 2 | S31: 0 | T31: 0 | U31: 15 | V31: 148.2 | W31: 13 | X31: 60 | Y31: 79 | Z31: 497 | AA31: 2 | AB31: 7 | AC31: 0 | AD31: 1 | AE31: 16 | AF31: 151.7 | AG31: PIT | AH31: 63.416667 | AI31: 44.764706 | AJ31: PIT | AK31: 68.8 | AL31: 60.705882 | AM31: PIT | AN31: 61.625 | AO31: 58 | AP31: 93 | AQ31: 19.2 | AR31: 484 | AS31: 138 | AT31: 25.2 | AU31: 548 | AV31: 125 | AW31: 19.1 | AX31: 653 | AY31: 46 | AZ31: 40 | BA31: 28
A32: 31 | B32: Luke Musgrave | C32: 34 | D32: 46 | E32: 352 | F32: 5 | G32: 1 | H32: 0 | I32: 0 | J32: 11 | K32: 75.2 | L32: GB | AG32: GB | AH32: 65.272727 | AI32: 42.235294 | AP32: 100 | AQ32: 17.8 | AR32: 561 | AY32: 54 | AZ32: 0 | BA32: 0
A33: 32 | B33: Noah Fant | C33: 32 | D33: 43 | E33: 414 | F33: 7 | G33: 0 | H33: 0 | I33: 0 | J33: 17 | K33: 73.4 | L33: SEA | M33: 17 | N33: 50 | O33: 63 | P33: 486 | Q33: 4 | R33: 4 | S33: 0 | T33: 0 | U33: 17 | V33: 122.6 | W33: 12 | X33: 68 | Y33: 90 | Z33: 670 | AA33: 7 | AB33: 4 | AC33: 0 | AD33: 0 | AE33: 16 | AF33: 159 | AG33: SEA | AH33: 54.176471 | AI33: 54.176471 | AJ33: SEA | AK33: 60 | AL33: 60 | AM33: DEN | AN33: 84.4375 | AO33: 79.470588 | AP33: 99 | AQ33: 18.1 | AR33: 546 | AS33: 136 | AT33: 24.6 | AU33: 553 | AV33: 142 | AW33: 27.5 | AX33: 516 | AY33: 56 | AZ33: 73 | BA33: 52
A34: 33 | B34: Kylen Granson | C34: 30 | D34: 50 | E34: 368 | F34: 5 | G34: 1 | H34: 1 | I34: 0 | J34: 15 | K34: 73 | L34: IND | M34: 41 | N34: 31 | O34: 40 | P34: 302 | Q34: 3 | R34: 0 | S34: 1 | T34: 0 | U34: 13 | V34: 61.2 | W34: 67 | X34: 11 | Y34: 15 | Z34: 106 | AA34: 1 | AB34: 0 | AC34: 0 | AD34: 0 | AE34: 10 | AF34: 21.6 | AG34: IND | AH34: 49.466667 | AI34: 43.647059 | AJ34: IND | AK34: 45.076923 | AL34: 34.470588 | AM34: IND | AN34: 23.5 | AO34: 13.823529 | AP34: 119 | AQ34: 21.8 | AR34: 546 | AS34: 108 | AT34: 18.7 | AU34: 579 | AV34: 103 | AW34: 20.6 | AX34: 501 | AY34: 69 | AZ34: 68 | BA34: 45
A35: 34 | B35: Durham Smythe | C35: 35 | D35: 43 | E35: 366 | F35: 3 | G35: 0 | H35: 0 | I35: 0 | J35: 16 | K35: 71.6 | L35: MIA | M35: 53 | N35: 15 | O35: 20 | P35: 129 | Q35: 1 | R35: 1 | S35: 2 | T35: 0 | U35: 13 | V35: 40 | W35: 33 | X35: 34 | Y35: 41 | Z35: 357 | AA35: 5 | AB35: 0 | AC35: 2 | AD35: 0 | AE35: 16 | AF35: 70 | AG35: MIA | AH35: 77.0625 | AI35: 72.529412 | AJ35: MIA | AK35: 59.692308 | AL35: 45.647059 | AM35: MIA | AN35: 63.5 | AO35: 59.764706 | AP35: 52 | AQ35: 9.5 | AR35: 549 | AS35: 75 | AT35: 13.3 | AU35: 562 | AV35: 174 | AW35: 29.1 | AX35: 597 | AY35: 9 | AZ35: 55 | BA35: 115
A36: 35 | B36: Michael Mayer | C36: 27 | D36: 40 | E36: 304 | F36: 2 | G36: 2 | H36: 0 | I36: 0 | J36: 14 | K36: 71.4 | L36: LV | AG36: LV | AH36: 71 | AI36: 58.470588 | AP36: 73 | AQ36: 13.7 | AR36: 531 | AY36: 33 | AZ36: 0 | BA36: 0
A37: 36 | B37: Noah Gray | C37: 28 | D37: 41 | E37: 305 | F37: 4 | G37: 2 | H37: 1 | I37: 0 | J37: 17 | K37: 70.6 | L37: KC | M37: 36 | N37: 28 | O37: 34 | P37: 299 | Q37: 3 | R37: 1 | S37: 1 | T37: 0 | U37: 17 | V37: 70 | W37: 76 | X37: 7 | Y37: 10 | Z37: 36 | AA37: 0 | AB37: 1 | AC37: 0 | AD37: 0 | AE37: 7 | AF37: 16.6 | AG37: KC | AH37: 52.647059 | AI37: 52.647059 | AJ37: KC | AK37: 52.235294 | AL37: 52.235294 | AM37: KC | AN37: 31.285714 | AO37: 12.882353 | AP37: 171 | AQ37: 28.6 | AR37: 598 | AS37: 201 | AT37: 32.8 | AU37: 613 | AV37: 162 | AW37: 25.5 | AX37: 636 | AY37: 130 | AZ37: 154 | BA37: 147
A38: 37 | B38: Mike Gesicki | C38: 29 | D38: 45 | E38: 244 | F38: 0 | G38: 2 | H38: 0 | I38: 0 | J38: 17 | K38: 65.4 | L38: CIN | M38: 23 | N38: 32 | O38: 52 | P38: 362 | Q38: 5 | R38: 5 | S38: 0 | T38: 0 | U38: 17 | V38: 98.2 | W38: 9 | X38: 73 | Y38: 112 | Z38: 780 | AA38: 12 | AB38: 2 | AC38: 0 | AD38: 0 | AE38: 17 | AF38: 165 | AG38: NE | AH38: 50.294118 | AI38: 50.294118 | AJ38: MIA | AK38: 43.823529 | AL38: 43.823529 | AM38: MIA | AN38: 71.411765 | AO38: 71.411765 | AP38: 115 | AQ38: 19.5 | AR38: 591 | AS38: 75 | AT38: 13.3 | AU38: 562 | AV38: 174 | AW38: 29.1 | AX38: 597 | AY38: 115 | AZ38: 23 | BA38: 44
A39: 38 | B39: Colby Parkinson | C39: 25 | D39: 34 | E39: 247 | F39: 5 | G39: 2 | H39: 0 | I39: 0 | J39: 17 | K39: 61.7 | L39: LAR | M39: 37 | N39: 25 | O39: 34 | P39: 322 | Q39: 5 | R39: 2 | S39: 0 | T39: 0 | U39: 14 | V39: 69.2 | W39: 89 | X39: 5 | Y39: 8 | Z39: 33 | AA39: 0 | AB39: 0 | AC39: 0 | AD39: 0 | AE39: 6 | AF39: 8.3 | AG39: SEA | AH39: 47.352941 | AI39: 47.352941 | AJ39: SEA | AK39: 42.285714 | AL39: 34.823529 | AM39: SEA | AN39: 32.166667 | AO39: 11.352941 | AP39: 88 | AQ39: 15.9 | AR39: 555 | AS39: 136 | AT39: 24.6 | AU39: 553 | AV39: 97 | AW39: 20.5 | AX39: 473 | AY39: 88 | AZ39: 102 | BA39: 89
A40: 39 | B40: Adam Trautman | C40: 22 | D40: 35 | E40: 204 | F40: 2 | G40: 3 | H40: 0 | I40: 0 | J40: 17 | K40: 60.4 | L40: DEN | M40: 49 | N40: 18 | O40: 22 | P40: 207 | Q40: 2 | R40: 1 | S40: 0 | T40: 0 | U40: 13 | V40: 44.7 | W40: 38 | X40: 27 | Y40: 43 | Z40: 263 | AA40: 2 | AB40: 2 | AC40: 0 | AD40: 1 | AE40: 11 | AF40: 63.3 | AG40: DEN | AH40: 70.823529 | AI40: 70.823529 | AJ40: NO | AK40: 58.615385 | AL40: 44.823529 | AM40: NO | AN40: 76.909091 | AO40: 49.764706 | AP40: 62 | AQ40: 13 | AR40: 477 | AS40: 102 | AT40: 20.7 | AU40: 493 | AV40: 92 | AW40: 19.4 | AX40: 474 | AY40: 27 | AZ40: 78 | BA40: 43
A41: 40 | B41: Tommy Tremble | C41: 23 | D41: 32 | E41: 194 | F41: 2 | G41: 3 | H41: 0 | I41: 0 | J41: 16 | K41: 60.4 | L41: CAR | M41: 46 | N41: 19 | O41: 32 | P41: 174 | Q41: 1 | R41: 3 | S41: 0 | T41: 1 | U41: 15 | V41: 52.4 | W41: 45 | X41: 20 | Y41: 35 | Z41: 180 | AA41: 1 | AB41: 1 | AC41: 3 | AD41: 0 | AE41: 15 | AF41: 53.1 | AG41: CAR | AH41: 52.5 | AI41: 49.411765 | AJ41: CAR | AK41: 51.6 | AL41: 45.529412 | AM41: CAR | AN41: 48.4 | AO41: 42.705882 | AP41: 98 | AQ41: 18.4 | AR41: 534 | AS41: 77 | AT41: 18 | AU41: 427 | AV41: 80 | AW41: 13.9 | AX41: 575 | AY41: 66 | AZ41: 45 | BA41: 33
A42: 41 | B42: Dawson Knox | C42: 22 | D42: 36 | E42: 186 | F42: 0 | G42: 2 | H42: 0 | I42: 0 | J42: 12 | K42: 54.6 | L42: BUF | M42: 14 | N42: 48 | O42: 65 | P42: 517 | Q42: 8 | R42: 6 | S42: 0 | T42: 0 | U42: 15 | V42: 135.7 | W42: 11 | X42: 49 | Y42: 71 | Z42: 587 | AA42: 8 | AB42: 9 | AC42: 0 | AD42: 0 | AE42: 15 | AF42: 164.1 | AG42: BUF | AH42: 59.916667 | AI42: 42.294118 | AJ42: BUF | AK42: 80.4 | AL42: 70.941176 | AM42: BUF | AN42: 87.2 | AO42: 76.941176 | AP42: 130 | AQ42: 23.9 | AR42: 545 | AS42: 77 | AT42: 13.8 | AU42: 556 | AV42: 83 | AW42: 13.3 | AX42: 622 | AY42: 94 | AZ42: 11 | BA42: 0
A43: 42 | B43: Josh Oliver | C43: 22 | D43: 28 | E43: 213 | F43: 3 | G43: 2 | H43: 0 | I43: 1 | J43: 17 | K43: 53.3 | L43: MIN | M43: 51 | N43: 14 | O43: 25 | P43: 149 | Q43: 1 | R43: 2 | S43: 0 | T43: 0 | U43: 12 | V43: 40.9 | W43: 79 | X43: 9 | Y43: 15 | Z43: 66 | AA43: 0 | AB43: 0 | AC43: 0 | AD43: 0 | AE43: 11 | AF43: 15.6 | AG43: MIN | AH43: 41.588235 | AI43: 41.588235 | AJ43: BAL | AK43: 49.333333 | AL43: 34.823529 | AM43: BAL | AN43: 17.727273 | AO43: 11.470588 | AP43: 179 | AQ43: 29.5 | AR43: 606 | AS43: 204 | AT43: 43.9 | AU43: 465 | AV43: 172 | AW43: 29.1 | AX43: 592 | AY43: 151 | AZ43: 179 | BA43: 155
A44: 43 | B44: Zach Ertz | C44: 27 | D44: 43 | E44: 187 | F44: 0 | G44: 1 | H44: 0 | I44: 0 | J44: 7 | K44: 51.7 | L44: WAS | M44: 19 | N44: 47 | O44: 69 | P44: 406 | Q44: 2 | R44: 4 | S44: 0 | T44: 0 | U44: 10 | V44: 115.6 | W44: 5 | X44: 74 | Y44: 112 | Z44: 763 | AA44: 7 | AB44: 5 | AC44: 1 | AD44: 0 | AE44: 17 | AF44: 180.7 | AG44: ARI | AH44: 64.857143 | AI44: 26.705882 | AJ44: ARI | AK44: 78.6 | AL44: 46.235294 | AM44: ARI | AN44: 74.176471 | AO44: 70.055556 | AP44: 121 | AQ44: 20.2 | AR44: 600 | AS44: 118 | AT44: 18.6 | AU44: 634 | AV44: 108 | AW44: 18.9 | AX44: 570 | AY44: 121 | AZ44: 46 | BA44: 4
A45: 44 | B45: Brevin Jordan | C45: 17 | D45: 21 | E45: 219 | F45: 3 | G45: 2 | H45: 0 | I45: 0 | J45: 13 | K45: 50.9 | L45: HOU | M45: 68 | N45: 14 | O45: 28 | P45: 128 | Q45: 2 | R45: 0 | S45: 0 | T45: 0 | U45: 9 | V45: 26.8 | W45: 43 | X45: 20 | Y45: 28 | Z45: 178 | AA45: 2 | AB45: 3 | AC45: 0 | AD45: 0 | AE45: 8 | AF45: 55.8 | AG45: HOU | AH45: 34 | AI45: 26 | AJ45: HOU | AK45: 44.111111 | AL45: 23.352941 | AM45: HOU | AN45: 39.875 | AO45: 18.764706 | AP45: 128 | AQ45: 22.7 | AR45: 565 | AS45: 131 | AT45: 23.5 | AU45: 557 | AV45: 100 | AW45: 19.1 | AX45: 523 | AY45: 104 | AZ45: 68 | BA45: 67
A46: 45 | B46: Daniel Bellinger | C46: 25 | D46: 28 | E46: 255 | F46: 4 | G46: 0 | H46: 0 | I46: 0 | J46: 17 | K46: 50.5 | L46: NYG | M46: 34 | N46: 30 | O46: 35 | P46: 268 | Q46: 2 | R46: 2 | S46: 1 | T46: 1 | U46: 11 | V46: 75 | AG46: NYG | AH46: 63.941176 | AI46: 63.941176 | AJ46: NYG | AK46: 74.909091 | AL46: 48.470588 | AP46: 102 | AQ46: 21.1 | AR46: 484 | AS46: 65 | AT46: 13.3 | AU46: 489 | AY46: 74 | AZ46: 15 | BA46: 0
A47: 46 | B47: Drew Sample | C47: 22 | D47: 27 | E47: 163 | F47: 1 | G47: 2 | H47: 0 | I47: 0 | J47: 17 | K47: 50.3 | L47: CIN | M47: 111 | N47: 2 | O47: 2 | P47: -2 | Q47: 0 | R47: 0 | S47: 0 | T47: 0 | U47: 2 | V47: 1.8 | W47: 72 | X47: 11 | Y47: 15 | Z47: 81 | AA47: 0 | AB47: 0 | AC47: 0 | AD47: 0 | AE47: 10 | AF47: 19.1 | AG47: CIN | AH47: 45.117647 | AI47: 45.117647 | AJ47: CIN | AK47: 21.5 | AL47: 2.5294118 | AM47: CIN | AN47: 39.4 | AO47: 23.176471 | AP47: 115 | AQ47: 19.5 | AR47: 591 | AS47: 94 | AT47: 15.7 | AU47: 598 | AV47: 83 | AW47: 15.4 | AX47: 540 | AY47: 88 | AZ47: 88 | BA47: 68
A48: 47 | B48: Mo Alie-Cox | C48: 13 | D48: 22 | E48: 161 | F48: 2 | G48: 3 | H48: 0 | I48: 0 | J48: 17 | K48: 49.1 | L48: IND | M48: 45 | N48: 19 | O48: 28 | P48: 189 | Q48: 1 | R48: 3 | S48: 0 | T48: 1 | U48: 14 | V48: 53.9 | W48: 26 | X48: 24 | Y48: 45 | Z48: 316 | AA48: 5 | AB48: 4 | AC48: 0 | AD48: 0 | AE48: 17 | AF48: 79.6 | AG48: IND | AH48: 38.705882 | AI48: 38.705882 | AJ48: IND | AK48: 52.357143 | AL48: 43.117647 | AM48: IND | AN48: 54.882353 | AO48: 54.882353 | AP48: 119 | AQ48: 21.8 | AR48: 546 | AS48: 108 | AT48: 18.7 | AU48: 579 | AV48: 103 | AW48: 20.6 | AX48: 501 | AY48: 97 | AZ48: 80 | BA48: 15
A49: 48 | B49: Austin Hooper | C49: 25 | D49: 31 | E49: 234 | F49: 2 | G49: 0 | H49: 0 | I49: 0 | J49: 17 | K49: 48.4 | L49: NE | M49: 24 | N49: 41 | O49: 60 | P49: 444 | Q49: 2 | R49: 2 | S49: 0 | T49: 0 | U49: 17 | V49: 97.4 | W49: 24 | X49: 38 | Y49: 61 | Z49: 345 | AA49: 4 | AB49: 3 | AC49: 0 | AD49: 0 | AE49: 15 | AF49: 92.5 | AG49: LV | AH49: 52.117647 | AI49: 52.117647 | AJ49: TEN | AK49: 50.705882 | AL49: 50.705882 | AM49: CLE | AN49: 69 | AO49: 60.882353 | AP49: 121 | AQ49: 22.4 | AR49: 541 | AS49: 122 | AT49: 28 | AU49: 436 | AV49: 142 | AW49: 28.5 | AX49: 499 | AY49: 121 | AZ49: 62 | BA49: 81
A50: 49 | B50: Foster Moreau | C50: 21 | D50: 25 | E50: 193 | F50: 1 | G50: 1 | H50: 0 | I50: 0 | J50: 15 | K50: 46.3 | L50: NO | M50: 30 | N50: 33 | O50: 54 | P50: 420 | Q50: 7 | R50: 2 | S50: 0 | T50: 1 | U50: 14 | V50: 85.2 | W50: 25 | X50: 30 | Y50: 44 | Z50: 373 | AA50: 6 | AB50: 3 | AC50: 0 | AD50: 0 | AE50: 15 | AF50: 85.3 | AG50: NO | AH50: 53.6 | AI50: 47.294118 | AJ50: LV | AK50: 80.928571 | AL50: 66.647059 | AM50: LV | AN50: 67.733333 | AO50: 59.764706 | AP50: 131 | AQ50: 22.6 | AR50: 579 | AS50: 101 | AT50: 18.1 | AU50: 559 | AV50: 141 | AW50: 23.4 | AX50: 603 | AY50: 106 | AZ50: 47 | BA50: 93
A51: 50 | B51: Hayden Hurst | C51: 18 | D51: 32 | E51: 184 | F51: 1 | G51: 1 | H51: 0 | I51: 0 | J51: 10 | K51: 42.4 | L51: LAC | M51: 21 | N51: 54 | O51: 70 | P51: 439 | Q51: 5 | R51: 2 | S51: 0 | T51: 0 | U51: 14 | V51: 109.9 | W51: 37 | X51: 26 | Y51: 31 | Z51: 221 | AA51: 1 | AB51: 3 | AC51: 0 | AD51: 1 | AE51: 12 | AF51: 64.1 | AG51: CAR | AH51: 50.666667 | AI51: 26.823529 | AJ51: CIN | AK51: 61.307692 | AL51: 46.882353 | AM51: ATL | AN51: 50.083333 | AO51: 35.352941 | AP51: 133 | AQ51: 21.7 | AR51: 613 | AS51: 94 | AT51: 15.7 | AU51: 598 | AV51: 158 | AW51: 28.5 | AX51: 555 | AY51: 133 | AZ51: 20 | BA51: 116
A52: 51 | B52: Will Dissly | C52: 17 | D52: 22 | E52: 172 | F52: 2 | G52: 1 | H52: 0 | I52: 0 | J52: 16 | K52: 40.2 | L52: LAC | M52: 28 | N52: 34 | O52: 38 | P52: 349 | Q52: 1 | R52: 3 | S52: 0 | T52: 0 | U52: 15 | V52: 86.9 | W52: 51 | X52: 21 | Y52: 26 | Z52: 231 | AA52: 5 | AB52: 1 | AC52: 0 | AD52: 0 | AE52: 13 | AF52: 50.1 | AG52: SEA | AH52: 38.4375 | AI52: 36.176471 | AJ52: SEA | AK52: 59.4 | AL52: 52.411765 | AM52: SEA | AN52: 57.769231 | AO52: 44.176471 | AP52: 133 | AQ52: 21.7 | AR52: 613 | AS52: 136 | AT52: 24.6 | AU52: 553 | AV52: 97 | AW52: 20.5 | AX52: 473 | AY52: 133 | AZ52: 98 | BA52: 71
A53: 52 | B53: Johnny Mundt | C53: 17 | D53: 23 | E53: 172 | F53: 2 | G53: 1 | H53: 0 | I53: 0 | J53: 17 | K53: 40.2 | L53: MIN | M53: 55 | N53: 19 | O53: 21 | P53: 140 | Q53: 0 | R53: 1 | S53: 0 | T53: 0 | U53: 13 | V53: 39 | W53: 112 | X53: 1 | Y53: 1 | Z53: 9 | AA53: 0 | AB53: 0 | AC53: 0 | AD53: 0 | AE53: 3 | AF53: 1.9 | AG53: MIN | AH53: 20.647059 | AI53: 20.647059 | AJ53: MIN | AK53: 42.076923 | AL53: 32.176471 | AM53: LAR | AN53: 35.333333 | AO53: 6.2352941 | AP53: 179 | AQ53: 29.5 | AR53: 606 | AS53: 146 | AT53: 22.8 | AU53: 641 | AV53: 94 | AW53: 15.6 | AX53: 602 | AY53: 156 | AZ53: 165 | BA53: 86
A54: 53 | B54: Connor Heyward | C54: 23 | D54: 34 | E54: 167 | F54: 0 | G54: 0 | H54: 1 | I54: 0 | J54: 17 | K54: 39.7 | L54: PIT | M54: 60 | N54: 12 | O54: 17 | P54: 151 | Q54: 2 | R54: 1 | S54: 2 | T54: 0 | U54: 15 | V54: 35.8 | AG54: PIT | AH54: 37.411765 | AI54: 37.411765 | AJ54: PIT | AK54: 16.133333 | AL54: 14.235294 | AP54: 93 | AQ54: 19.2 | AR54: 484 | AS54: 138 | AT54: 25.2 | AU54: 548 | AY54: 59 | AZ54: 121 | BA54: 0
A55: 54 | B55: Andrew Beck | C55: 11 | D55: 13 | E55: 55 | F55: 1 | G55: 2 | H55: 5 | I55: 1 | J55: 15 | K55: 38.8 | L55: GB | M55: 88 | N55: 5 | O55: 11 | P55: 69 | Q55: 2 | R55: 0 | S55: 2 | T55: 0 | U55: 9 | V55: 11.9 | W55: 136 | X55: 0 | Y55: 0 | Z55: 0 | AA55: 0 | AB55: 0 | AC55: 0 | AD55: 0 | AE55: 1 | AF55: 0 | AG55: HOU | AH55: 33 | AI55: 29.117647 | AJ55: DEN | AK55: 25.555556 | AL55: 13.529412 | AM55: DEN | AN55: 3 | AO55: 0.17647059 | AP55: 100 | AQ55: 17.8 | AR55: 561 | AS55: 121 | AT55: 22.4 | AU55: 540 | AV55: 142 | AW55: 27.5 | AX55: 516 | AY55: 100 | AZ55: 110 | BA55: 142
A56: 55 | B56: Will Mallory | C56: 18 | D56: 26 | E56: 207 | F56: 1 | G56: 0 | H56: 0 | I56: 0 | J56: 12 | K56: 38.7 | L56: IND | AG56: IND | AH56: 19.666667 | AI56: 13.882353 | AP56: 119 | AQ56: 21.8 | AR56: 546 | AY56: 93 | AZ56: 0 | BA56: 0
A57: 56 | B57: Harrison Bryant | C57: 13 | D57: 20 | E57: 81 | F57: 1 | G57: 3 | H57: 5 | I57: 1 | J57: 17 | K57: 37.9 | L57: LV | M57: 39 | N57: 31 | O57: 42 | P57: 239 | Q57: 1 | R57: 1 | S57: 1 | T57: 0 | U57: 14 | V57: 61.7 | W57: 39 | X57: 21 | Y57: 28 | Z57: 233 | AA57: 4 | AB57: 3 | AC57: 0 | AD57: 0 | AE57: 15 | AF57: 62.3 | AG57: CLE | AH57: 33.588235 | AI57: 33.588235 | AJ57: CLE | AK57: 48.571429 | AL57: 40 | AM57: CLE | AN57: 39.4 | AO57: 34.764706 | AP57: 73 | AQ57: 13.7 | AR57: 531 | AS57: 133 | AT57: 26.3 | AU57: 506 | AV57: 142 | AW57: 28.5 | AX57: 499 | AY57: 73 | AZ57: 81 | BA57: 114
A58: 57 | B58: Pharaoh Brown | C58: 13 | D58: 15 | E58: 208 | F58: 5 | G58: 1 | H58: 0 | I58: 1 | J58: 17 | K58: 37.8 | L58: SEA | M58: 73 | N58: 12 | O58: 20 | P58: 117 | Q58: 1 | R58: 0 | S58: 0 | T58: 0 | U58: 9 | V58: 23.7 | W58: 58 | X58: 23 | Y58: 34 | Z58: 171 | AA58: 2 | AB58: 0 | AC58: 0 | AD58: 1 | AE58: 13 | AF58: 38.1 | AG58: NE | AH58: 39.235294 | AI58: 39.235294 | AJ58: NE | AK58: 46.444444 | AL58: 23.222222 | AM58: HOU | AN58: 65.153846 | AO58: 49.823529 | AP58: 99 | AQ58: 18.1 | AR58: 546 | AS58: 97 | AT58: 18.9 | AU58: 513 | AV58: 100 | AW58: 19.1 | AX58: 523 | AY58: 99 | AZ58: 97 | BA58: 61
A59: 58 | B59: Elijah Higgins | C59: 14 | D59: 19 | E59: 163 | F59: 3 | G59: 1 | H59: 0 | I59: 0 | J59: 11 | K59: 36.3 | L59: ARI | AG59: ARI | AH59: 25.818182 | AI59: 16.705882 | AP59: 179 | AQ59: 33.1 | AR59: 540 | AY59: 160 | AZ59: 0 | BA59: 0
A60: 59 | B60: Drew Ogletree | C60: 9 | D60: 21 | E60: 147 | F60: 4 | G60: 2 | H60: 0 | I60: 0 | J60: 12 | K60: 35.7 | L60: IND | AG60: IND | AH60: 40.416667 | AI60: 28.529412 | AP60: 119 | AQ60: 21.8 | AR60: 546 | AY60: 98 | AZ60: 0 | BA60: 0
A61: 60 | B61: John Bates | C61: 19 | D61: 28 | E61: 151 | F61: 1 | G61: 0 | H61: 0 | I61: 0 | J61: 17 | K61: 34.1 | L61: WAS | M61: 62 | N61: 14 | O61: 22 | P61: 108 | Q61: 1 | R61: 1 | S61: 0 | T61: 0 | U61: 10 | V61: 30.8 | W61: 47 | X61: 20 | Y61: 25 | Z61: 249 | AA61: 4 | AB61: 1 | AC61: 0 | AD61: 0 | AE61: 13 | AF61: 50.9 | AG61: WAS | AH61: 45.470588 | AI61: 45.470588 | AJ61: WAS | AK61: 45.1 | AL61: 26.529412 | AM61: WAS | AN61: 55.615385 | AO61: 42.529412 | AP61: 121 | AQ61: 20.2 | AR61: 600 | AS61: 98 | AT61: 18.5 | AU61: 531 | AV61: 99 | AW61: 18.5 | AX61: 534 | AY61: 93 | AZ61: 70 | BA61: 25
A62: 61 | B62: Jimmy Graham | C62: 6 | D62: 7 | E62: 39 | F62: 0 | G62: 4 | H62: 0 | I62: 0 | J62: 13 | K62: 33.9 | L62: FA | W62: 48 | X62: 14 | Y62: 23 | Z62: 167 | AA62: 2 | AB62: 3 | AC62: 0 | AD62: 0 | AE62: 11 | AF62: 50.7 | AG62: NO | AH62: 19.153846 | AI62: 14.647059 | AM62: CHI | AN62: 23.272727 | AO62: 15.058824 | AV62: 127 | AW62: 24.2 | AX62: 524 | AY62: 0 | AZ62: 0 | BA62: 96
A63: 62 | B63: Irv Smith Jr. | C63: 18 | D63: 26 | E63: 115 | F63: 0 | G63: 1 | H63: 0 | I63: 1 | J63: 12 | K63: 33.5 | L63: FA | M63: 43 | N63: 25 | O63: 36 | P63: 182 | Q63: 0 | R63: 2 | S63: 0 | T63: 0 | U63: 8 | V63: 55.2 | AG63: CIN | AH63: 43.833333 | AI63: 30.941176 | AJ63: MIN | AK63: 52.625 | AL63: 24.764706 | AS63: 146 | AT63: 22.8 | AU63: 641 | AY63: 0 | AZ63: 150 | BA63: 0
A64: 63 | B64: Stone Smartt | C64: 11 | D64: 21 | E64: 155 | F64: 3 | G64: 1 | H64: 0 | I64: 0 | J64: 16 | K64: 32.5 | L64: LAC | M64: 101 | N64: 4 | O64: 5 | P64: 17 | Q64: 0 | R64: 0 | S64: 0 | T64: 0 | U64: 3 | V64: 5.7 | AG64: LAC | AH64: 28.3125 | AI64: 26.647059 | AJ64: LAC | AK64: 18.333333 | AL64: 3.2352941 | AP64: 133 | AQ64: 21.7 | AR64: 613 | AS64: 126 | AT64: 18.4 | AU64: 685 | AY64: 112 | AZ64: 126 | BA64: 0
A65: 64 | B65: Jeremy Ruckert | C65: 16 | D65: 22 | E65: 151 | F65: 1 | G65: 0 | H65: 0 | I65: 0 | J65: 15 | K65: 31.1 | L65: NYJ | M65: 112 | N65: 1 | O65: 2 | P65: 8 | Q65: 0 | R65: 0 | S65: 0 | T65: 0 | U65: 2 | V65: 1.8 | AG65: NYJ | AH65: 32.2 | AI65: 28.411765 | AJ65: NYJ | AK65: 30 | AL65: 3.5294118 | AP65: 125 | AQ65: 22.2 | AR65: 562 | AS65: 116 | AT65: 19.8 | AU65: 587 | AY65: 103 | AZ65: 114 | BA65: 0
A66: 65 | B66: Luke Farrell | C66: 13 | D66: 15 | E66: 155 | F66: 2 | G66: 0 | H66: 0 | I66: 0 | J66: 17 | K66: 28.5 | L66: JAC | M66: 95 | N66: 4 | O66: 4 | P66: 40 | Q66: 0 | R66: 0 | S66: 0 | T66: 0 | U66: 4 | V66: 8 | W66: 83 | X66: 7 | Y66: 11 | Z66: 56 | AA66: 1 | AB66: 0 | AC66: 0 | AD66: 0 | AE66: 9 | AF66: 12.6 | AG66: JAC | AH66: 35 | AI66: 35 | AJ66: JAC | AK66: 12.5 | AL66: 2.9411765 | AM66: JAC | AN66: 38.444444 | AO66: 20.352941 | AP66: 167 | AQ66: 27.5 | AR66: 607 | AS66: 123 | AT66: 21.4 | AU66: 575 | AV66: 109 | AW66: 18.6 | AX66: 585 | AY66: 152 | AZ66: 106 | BA66: 9
A67: 66 | B67: Jordan Akins | C67: 15 | D67: 23 | E67: 132 | F67: 1 | G67: 0 | H67: 0 | I67: 0 | J67: 17 | K67: 28.2 | L67: CLE | M67: 18 | N67: 37 | O67: 54 | P67: 495 | Q67: 8 | R67: 5 | S67: 0 | T67: 1 | U67: 15 | V67: 116.5 | W67: 54 | X67: 24 | Y67: 33 | Z67: 214 | AA67: 1 | AB67: 0 | AC67: 1 | AD67: 2 | AE67: 12 | AF67: 41.7 | AG67: CLE | AH67: 19.529412 | AI67: 19.529412 | AJ67: HOU | AK67: 43 | AL67: 37.941176 | AM67: HOU | AN67: 42.75 | AO67: 30.176471 | AP67: 166 | AQ67: 27.8 | AR67: 597 | AS67: 131 | AT67: 23.5 | AU67: 557 | AV67: 100 | AW67: 19.1 | AX67: 523 | AY67: 143 | AZ67: 42 | BA67: 62
A68: 67 | B68: Brock Wright | C68: 13 | D68: 14 | E68: 91 | F68: 1 | G68: 1 | H68: 0 | I68: 0 | J68: 14 | K68: 28.1 | L68: DET | M68: 38 | N68: 18 | O68: 24 | P68: 216 | Q68: 3 | R68: 4 | S68: 0 | T68: 0 | U68: 14 | V68: 63.6 | W68: 61 | X68: 12 | Y68: 17 | Z68: 117 | AA68: 2 | AB68: 2 | AC68: 0 | AD68: 0 | AE68: 8 | AF68: 35.7 | AG68: DET | AH68: 43.428571 | AI68: 35.764706 | AJ68: DET | AK68: 55.071429 | AL68: 45.352941 | AM68: DET | AN68: 52.25 | AO68: 24.588235 | AP68: 136 | AQ68: 23.8 | AR68: 571 | AS68: 93 | AT68: 16.7 | AU68: 557 | AV68: 113 | AW68: 20.4 | AX68: 554 | AY68: 122 | AZ68: 26 | BA68: 91
A69: 68 | B69: Luke Schoonmaker | C69: 8 | D69: 15 | E69: 65 | F69: 0 | G69: 2 | H69: 0 | I69: 0 | J69: 17 | K69: 26.5 | L69: DAL | AG69: DAL | AH69: 31.411765 | AI69: 31.411765 | AP69: 126 | AQ69: 20.8 | AR69: 605 | AY69: 111 | AZ69: 0 | BA69: 0
A70: 69 | B70: MyCole Pruitt | C70: 9 | D70: 12 | E70: 110 | F70: 2 | G70: 1 | H70: 0 | I70: 0 | J70: 17 | K70: 26 | L70: PIT | M70: 44 | N70: 16 | O70: 21 | P70: 150 | Q70: 2 | R70: 4 | S70: 0 | T70: 0 | U70: 10 | V70: 55 | W70: 52 | X70: 14 | Y70: 19 | Z70: 145 | AA70: 2 | AB70: 3 | AC70: 0 | AD70: 0 | AE70: 13 | AF70: 48.5 | AG70: ATL | AH70: 35.352941 | AI70: 35.352941 | AJ70: ATL | AK70: 45.6 | AL70: 26.823529 | AM70: TEN | AN70: 45.230769 | AO70: 34.588235 | AP70: 93 | AQ70: 19.2 | AR70: 484 | AS70: 104 | AT70: 26.1 | AU70: 398 | AV70: 108 | AW70: 20.7 | AX70: 523 | AY70: 93 | AZ70: 83 | BA70: 89
A71: 70 | B71: Davis Allen | C71: 10 | D71: 11 | E71: 95 | F71: 1 | G71: 1 | H71: 0 | I71: 0 | J71: 15 | K71: 25.5 | L71: LAR | AG71: LAR | AH71: 18.133333 | AI71: 16 | AP71: 88 | AQ71: 15.9 | AR71: 555 | AY71: 77 | AZ71: 0 | BA71: 0
A72: 71 | B72: Stephen Sullivan | C72: 12 | D72: 24 | E72: 125 | F72: 1 | G72: 0 | H72: 0 | I72: 0 | J72: 11 | K72: 24.5 | L72: FA | M72: 97 | N72: 2 | O72: 6 | P72: 46 | Q72: 1 | R72: 0 | S72: 0 | T72: 0 | U72: 8 | V72: 6.6 | W72: 121 | X72: 0 | Y72: 1 | Z72: 0 | AA72: 0 | AB72: 0 | AC72: 0 | AD72: 0 | AE72: 1 | AF72: 0 | AG72: CAR | AH72: 22.636364 | AI72: 14.647059 | AJ72: CAR | AK72: 15.25 | AL72: 7.1764706 | AM72: CAR | AN72: 24 | AO72: 1.4117647 | AS72: 77 | AT72: 18 | AU72: 427 | AV72: 80 | AW72: 13.9 | AX72: 575 | AY72: 0 | AZ72: 71 | BA72: 67
A73: 72 | B73: Josh Whyle | C73: 9 | D73: 15 | E73: 94 | F73: 1 | G73: 1 | H73: 0 | I73: 0 | J73: 11 | K73: 24.4 | L73: TEN | AG73: TEN | AH73: 24 | AI73: 15.529412 | AP73: 98 | AQ73: 20.6 | AR73: 476 | AY73: 83 | AZ73: 0 | BA73: 0
A74: 73 | B74: Lucas Krull | C74: 8 | D74: 14 | E74: 95 | F74: 1 | G74: 1 | H74: 0 | I74: 0 | J74: 7 | K74: 23.5 | L74: DEN | AG74: DEN | AH74: 36.142857 | AI74: 14.882353 | AP74: 62 | AQ74: 13 | AR74: 477 | AY74: 48 | AZ74: 0 | BA74: 0
A75: 74 | B75: Cole Turner | C75: 11 | D75: 15 | E75: 120 | F75: 2 | G75: 0 | H75: 0 | I75: 0 | J75: 12 | K75: 23 | L75: WAS | M75: 106 | N75: 2 | O75: 9 | P75: 23 | Q75: 0 | R75: 0 | S75: 0 | T75: 0 | U75: 7 | V75: 4.3 | AG75: WAS | AH75: 18.25 | AI75: 12.882353 | AJ75: WAS | AK75: 43.857143 | AL75: 18.058824 | AP75: 121 | AQ75: 20.2 | AR75: 600 | AS75: 98 | AT75: 18.5 | AU75: 531 | AY75: 106 | AZ75: 83 | BA75: 0
A76: 75 | B76: Robert Tonyan | C76: 11 | D76: 17 | E76: 112 | F76: 1 | G76: 0 | H76: 0 | I76: 0 | J76: 17 | K76: 22.2 | L76: MIN | M76: 20 | N76: 53 | O76: 67 | P76: 470 | Q76: 5 | R76: 2 | S76: 0 | T76: 0 | U76: 17 | V76: 112 | W76: 50 | X76: 18 | Y76: 29 | Z76: 204 | AA76: 4 | AB76: 2 | AC76: 0 | AD76: 0 | AE76: 8 | AF76: 50.4 | AG76: CHI | AH76: 28.235294 | AI76: 28.235294 | AJ76: GB | AK76: 54.176471 | AL76: 54.176471 | AM76: GB | AN76: 60.125 | AO76: 28.294118 | AP76: 179 | AQ76: 29.5 | AR76: 606 | AS76: 96 | AT76: 17.8 | AU76: 538 | AV76: 99 | AW76: 17.4 | AX76: 569 | AY76: 179 | AZ76: 29 | BA76: 66
A77: 76 | B77: Charlie Kolar | C77: 7 | D77: 9 | E77: 87 | F77: 0 | G77: 1 | H77: 0 | I77: 0 | J77: 14 | K77: 21.7 | L77: BAL | M77: 94 | N77: 4 | O77: 6 | P77: 49 | Q77: 0 | R77: 0 | S77: 0 | T77: 0 | U77: 1 | V77: 8.9 | AG77: BAL | AH77: 25.5 | AI77: 21 | AJ77: BAL | AK77: 44 | AL77: 2.5882353 | AP77: 110 | AQ77: 23.1 | AR77: 476 | AS77: 204 | AT77: 43.9 | AU77: 465 | AY77: 101 | AZ77: 198 | BA77: 0
A78: 77 | B78: C.J. Uzomah | C78: 8 | D78: 12 | E78: 58 | F78: 0 | G78: 1 | H78: 0 | I78: 0 | J78: 12 | K78: 19.8 | L78: FA | M78: 42 | N78: 21 | O78: 27 | P78: 232 | Q78: 4 | R78: 2 | S78: 0 | T78: 0 | U78: 14 | V78: 56.2 | W78: 19 | X78: 49 | Y78: 63 | Z78: 493 | AA78: 7 | AB78: 5 | AC78: 0 | AD78: 0 | AE78: 16 | AF78: 128.3 | AG78: NYJ | AH78: 32.166667 | AI78: 22.705882 | AJ78: NYJ | AK78: 56.785714 | AL78: 46.764706 | AM78: CIN | AN78: 76.9375 | AO78: 72.411765 | AS78: 116 | AT78: 19.8 | AU78: 587 | AV78: 83 | AW78: 15.4 | AX78: 540 | AY78: 0 | AZ78: 89 | BA78: 20
A79: 78 | B79: Geoff Swaim | C79: 10 | D79: 11 | E79: 94 | F79: 1 | G79: 0 | H79: 0 | I79: 0 | J79: 14 | K79: 19.4 | L79: FA | M79: 72 | N79: 12 | O79: 16 | P79: 58 | Q79: 0 | R79: 1 | S79: 0 | T79: 0 | U79: 12 | V79: 23.8 | W79: 32 | X79: 31 | Y79: 40 | Z79: 210 | AA79: 2 | AB79: 3 | AC79: 0 | AD79: 0 | AE79: 16 | AF79: 70 | AG79: ARI | AH79: 37 | AI79: 30.470588 | AJ79: TEN | AK79: 53.75 | AL79: 37.941176 | AM79: TEN | AN79: 66.0625 | AO79: 62.176471 | AS79: 122 | AT79: 28 | AU79: 436 | AV79: 108 | AW79: 20.7 | AX79: 523 | AY79: 0 | AZ79: 106 | BA79: 68
A80: 79 | B80: Mitchell Wilcox | C80: 9 | D80: 12 | E80: 56 | F80: 0 | G80: 0 | H80: 0 | I80: 0 | J80: 17 | K80: 14.6 | L80: NE | M80: 57 | N80: 17 | O80: 18 | P80: 139 | Q80: 0 | R80: 1 | S80: 0 | T80: 0 | U80: 9 | V80: 36.9 | W80: 103 | X80: 3 | Y80: 5 | Z80: 16 | AA80: 0 | AB80: 0 | AC80: 0 | AD80: 0 | AE80: 4 | AF80: 4.6 | AG80: CIN | AH80: 20.941176 | AI80: 20.941176 | AJ80: CIN | AK80: 56.333333 | AL80: 29.823529 | AM80: CIN | AN80: 31 | AO80: 5.4705882 | AP80: 121 | AQ80: 22.4 | AR80: 541 | AS80: 94 | AT80: 15.7 | AU80: 598 | AV80: 83 | AW80: 15.4 | AX80: 540 | AY80: 121 | AZ80: 72 | BA80: 78
A81: 80 | B81: Josiah Deguara | C81: 8 | D81: 8 | E81: 65 | F81: 0 | G81: 0 | H81: 0 | I81: 0 | J81: 15 | K81: 14.5 | L81: JAC | M81: 71 | N81: 13 | O81: 15 | P81: 114 | Q81: 1 | R81: 0 | S81: 0 | T81: 0 | U81: 9 | V81: 24.4 | W81: 40 | X81: 25 | Y81: 33 | Z81: 245 | AA81: 3 | AB81: 2 | AC81: 0 | AD81: 0 | AE81: 14 | AF81: 61.5 | AG81: GB | AH81: 21.066667 | AI81: 18.588235 | AJ81: GB | AK81: 25 | AL81: 13.235294 | AM81: GB | AN81: 37.571429 | AO81: 30.941176 | AP81: 167 | AQ81: 27.5 | AR81: 607 | AS81: 96 | AT81: 17.8 | AU81: 538 | AV81: 99 | AW81: 17.4 | AX81: 569 | AY81: 167 | AZ81: 81 | BA81: 62
A82: 81 | B82: Brenton Strange | C82: 5 | D82: 9 | E82: 35 | F82: 0 | G82: 1 | H82: 0 | I82: 0 | J82: 14 | K82: 14.5 | L82: JAC | AG82: JAC | AH82: 32.142857 | AI82: 26.470588 | AP82: 167 | AQ82: 27.5 | AR82: 607 | AY82: 158 | AZ82: 0 | BA82: 0
A83: 82 | B83: Darnell Washington | C83: 7 | D83: 10 | E83: 61 | F83: 0 | G83: 0 | H83: 0 | I83: 0 | J83: 17 | K83: 13.1 | L83: PIT | AG83: PIT | AH83: 47.588235 | AI83: 47.588235 | AP83: 93 | AQ83: 19.2 | AR83: 484 | AY83: 83 | AZ83: 0 | BA83: 0
A84: 83 | B84: Marcedes Lewis | C84: 4 | D84: 5 | E84: 29 | F84: 0 | G84: 1 | H84: 0 | I84: 0 | J84: 17 | K84: 12.9 | L84: CHI | M84: 69 | N84: 6 | O84: 7 | P84: 66 | Q84: 1 | R84: 2 | S84: 0 | T84: 0 | U84: 6 | V84: 26.6 | W84: 53 | X84: 23 | Y84: 28 | Z84: 214 | AA84: 3 | AB84: 0 | AC84: 0 | AD84: 0 | AE84: 13 | AF84: 44.4 | AG84: CHI | AH84: 28.764706 | AI84: 28.764706 | AJ84: GB | AK84: 46.5 | AL84: 16.411765 | AM84: GB | AN84: 45.153846 | AO84: 34.529412 | AP84: 112 | AQ84: 23.5 | AR84: 477 | AS84: 96 | AT84: 17.8 | AU84: 538 | AV84: 99 | AW84: 17.4 | AX84: 569 | AY84: 107 | AZ84: 89 | BA84: 67
A85: 84 | B85: Brycen Hopkins | C85: 5 | D85: 7 | E85: 78 | F85: 2 | G85: 0 | H85: 0 | I85: 0 | J85: 15 | K85: 12.8 | L85: FA | M85: 84 | N85: 7 | O85: 11 | P85: 109 | Q85: 2 | R85: 0 | S85: 0 | T85: 0 | U85: 7 | V85: 17.9 | W85: 111 | X85: 1 | Y85: 1 | Z85: 9 | AA85: 0 | AB85: 0 | AC85: 0 | AD85: 0 | AE85: 1 | AF85: 1.9 | AG85: LAR | AH85: 9.2 | AI85: 8.1176471 | AJ85: LAR | AK85: 30.857143 | AL85: 12.705882 | AM85: LAR | AN85: 33 | AO85: 1.9411765 | AS85: 122 | AT85: 23.6 | AU85: 516 | AV85: 94 | AW85: 15.6 | AX85: 602 | AY85: 0 | AZ85: 108 | BA85: 86
A86: 85 | B86: Ben Sims | C86: 4 | D86: 6 | E86: 21 | F86: 0 | G86: 1 | H86: 0 | I86: 0 | J86: 16 | K86: 12.1 | L86: GB | AG86: GB | AH86: 18.1875 | AI86: 17.117647 | AP86: 100 | AQ86: 17.8 | AR86: 561 | AY86: 94 | AZ86: 0 | BA86: 0
A87: 86 | B87: Blake Bell | C87: 5 | D87: 9 | E87: 26 | F87: 0 | G87: 1 | H87: 0 | I87: 1 | J87: 17 | K87: 11.6 | L87: FA | M87: 92 | N87: 2 | O87: 2 | P87: 20 | Q87: 0 | R87: 1 | S87: 0 | T87: 0 | U87: 2 | V87: 10 | W87: 74 | X87: 9 | Y87: 13 | Z87: 87 | AA87: 2 | AB87: 0 | AC87: 4 | AD87: 0 | AE87: 12 | AF87: 18.7 | AG87: KC | AH87: 22.764706 | AI87: 22.764706 | AJ87: KC | AK87: 22 | AL87: 2.5882353 | AM87: KC | AN87: 31.416667 | AO87: 22.176471 | AS87: 201 | AT87: 32.8 | AU87: 613 | AV87: 162 | AW87: 25.5 | AX87: 636 | AY87: 0 | AZ87: 186 | BA87: 144
A88: 87 | B88: Payne Durham | C88: 5 | D88: 7 | E88: 58 | F88: 1 | G88: 0 | H88: 0 | I88: 0 | J88: 13 | K88: 10.8 | L88: TB | AG88: TB | AH88: 15.230769 | AI88: 11.647059 | AP88: 81 | AQ88: 14.7 | AR88: 550 | AY88: 74 | AZ88: 0 | BA88: 0
A89: 88 | B89: Ian Thomas | C89: 5 | D89: 9 | E89: 56 | F89: 1 | G89: 0 | H89: 0 | I89: 0 | J89: 12 | K89: 10.6 | L89: CAR | M89: 52 | N89: 21 | O89: 30 | P89: 197 | Q89: 1 | R89: 0 | S89: 0 | T89: 0 | U89: 14 | V89: 40.7 | W89: 59 | X89: 18 | Y89: 30 | Z89: 188 | AA89: 3 | AB89: 0 | AC89: 0 | AD89: 0 | AE89: 14 | AF89: 36.8 | AG89: CAR | AH89: 26.75 | AI89: 18.882353 | AJ89: CAR | AK89: 55.642857 | AL89: 45.823529 | AM89: CAR | AN89: 62 | AO89: 51.058824 | AP89: 98 | AQ89: 18.4 | AR89: 534 | AS89: 77 | AT89: 18 | AU89: 427 | AV89: 80 | AW89: 13.9 | AX89: 575 | AY89: 89 | AZ89: 47 | BA89: 38
A90: 89 | B90: Quintin Morris | C90: 2 | D90: 3 | E90: 26 | F90: 0 | G90: 1 | H90: 0 | I90: 0 | J90: 15 | K90: 10.6 | L90: BUF | M90: 78 | N90: 8 | O90: 11 | P90: 84 | Q90: 1 | R90: 1 | S90: 0 | T90: 1 | U90: 9 | V90: 20.4 | AG90: BUF | AH90: 17.8 | AI90: 15.705882 | AJ90: BUF | AK90: 33 | AL90: 17.470588 | AP90: 130 | AQ90: 23.9 | AR90: 545 | AS90: 77 | AT90: 13.8 | AU90: 556 | AY90: 127 | AZ90: 65 | BA90: 0
A91: 90 | B91: Jack Stoll | C91: 5 | D91: 8 | E91: 38 | F91: 0 | G91: 0 | H91: 0 | I91: 0 | J91: 17 | K91: 8.8 | L91: PHI | M91: 74 | N91: 11 | O91: 14 | P91: 123 | Q91: 2 | R91: 0 | S91: 0 | T91: 0 | U91: 10 | V91: 23.3 | W91: 97 | X91: 4 | Y91: 5 | Z91: 22 | AA91: 0 | AB91: 0 | AC91: 0 | AD91: 0 | AE91: 6 | AF91: 6.2 | AG91: PHI | AH91: 38.588235 | AI91: 38.588235 | AJ91: PHI | AK91: 59.1 | AL91: 34.764706 | AM91: PHI | AN91: 43 | AO91: 15.176471 | AP91: 96 | AQ91: 18.3 | AR91: 525 | AS91: 93 | AT91: 18.4 | AU91: 505 | AV91: 121 | AW91: 26 | AX91: 466 | AY91: 88 | AZ91: 79 | BA91: 83
A92: 91 | B92: Julian Hill | C92: 6 | D92: 9 | E92: 48 | F92: 0 | G92: 0 | H92: 0 | I92: 1 | J92: 15 | K92: 8.8 | L92: MIA | AG92: MIA | AH92: 34.6 | AI92: 30.529412 | AP92: 52 | AQ92: 9.5 | AR92: 549 | AY92: 43 | AZ92: 0 | BA92: 0
A93: 92 | B93: Grant Calcaterra | C93: 4 | D93: 4 | E93: 39 | F93: 0 | G93: 0 | H93: 0 | I93: 0 | J93: 14 | K93: 7.9 | L93: PHI | M93: 87 | N93: 5 | O93: 9 | P93: 81 | Q93: 1 | R93: 0 | S93: 0 | T93: 0 | U93: 6 | V93: 13.1 | AG93: PHI | AH93: 13.230769 | AI93: 10.117647 | AJ93: PHI | AK93: 36 | AL93: 12.705882 | AP93: 96 | AQ93: 18.3 | AR93: 525 | AS93: 93 | AT93: 18.4 | AU93: 505 | AY93: 92 | AZ93: 84 | BA93: 0
A94: 93 | B94: Peyton Hendershot | C94: 4 | D94: 7 | E94: 38 | F94: 1 | G94: 0 | H94: 1 | I94: 0 | J94: 8 | K94: 7.8 | L94: KC | M94: 54 | N94: 11 | O94: 16 | P94: 103 | Q94: 2 | R94: 2 | S94: 1 | T94: 0 | U94: 12 | V94: 39.5 | AG94: DAL | AH94: 27.75 | AI94: 13.058824 | AJ94: DAL | AK94: 33.75 | AL94: 23.823529 | AP94: 171 | AQ94: 28.6 | AR94: 598 | AS94: 130 | AT94: 23.9 | AU94: 545 | AY94: 171 | AZ94: 114 | BA94: 0
A95: 94 | B95: Ko Kieft | C95: 1 | D95: 5 | E95: 2 | F95: 0 | G95: 1 | H95: 0 | I95: 0 | J95: 16 | K95: 7.2 | L95: TB | M95: 77 | N95: 7 | O95: 10 | P95: 80 | Q95: 0 | R95: 1 | S95: 0 | T95: 0 | U95: 14 | V95: 21 | AG95: TB | AH95: 19.6875 | AI95: 18.529412 | AJ95: TB | AK95: 21.285714 | AL95: 17.529412 | AP95: 81 | AQ95: 14.7 | AR95: 550 | AS95: 118 | AT95: 16.3 | AU95: 723 | AY95: 76 | AZ95: 65 | BA95: 0
A96: 95 | B96: Charlie Woerner | C96: 3 | D96: 3 | E96: 32 | F96: 1 | G96: 0 | H96: 0 | I96: 0 | J96: 17 | K96: 6.2 | L96: ATL | M96: 123 | N96: 0 | O96: 2 | P96: 0 | Q96: 0 | R96: 0 | S96: 0 | T96: 0 | U96: 5 | V96: 0 | W96: 87 | X96: 5 | Y96: 6 | Z96: 52 | AA96: 1 | AB96: 0 | AC96: 0 | AD96: 0 | AE96: 8 | AF96: 10.2 | AG96: SF | AH96: 29.352941 | AI96: 29.352941 | AJ96: SF | AK96: 27 | AL96: 7.9411765 | AM96: SF | AN96: 33 | AO96: 15.529412 | AP96: 174 | AQ96: 34.3 | AR96: 507 | AS96: 98 | AT96: 19.4 | AU96: 504 | AV96: 105 | AW96: 21.2 | AX96: 496 | AY96: 174 | AZ96: 96 | BA96: 99
A97: 96 | B97: Nate Adkins | C97: 4 | D97: 5 | E97: 22 | F97: 0 | G97: 0 | H97: 0 | I97: 0 | J97: 10 | K97: 6.2 | L97: DEN | AG97: DEN | AH97: 10 | AI97: 5.8823529 | AP97: 62 | AQ97: 13 | AR97: 477 | AY97: 57 | AZ97: 0 | BA97: 0
A98: 97 | B98: Greg Dulcich | C98: 3 | D98: 4 | E98: 25 | F98: 0 | G98: 0 | H98: 0 | I98: 0 | J98: 2 | K98: 5.5 | L98: DEN | M98: 29 | N98: 33 | O98: 55 | P98: 411 | Q98: 6 | R98: 2 | S98: 0 | T98: 0 | U98: 10 | V98: 86.1 | AG98: DEN | AH98: 27 | AI98: 3.1764706 | AJ98: DEN | AK98: 75.1 | AL98: 44.176471 | AP98: 62 | AQ98: 13 | AR98: 477 | AS98: 121 | AT98: 22.4 | AU98: 540 | AY98: 58 | AZ98: 66 | BA98: 0
A99: 98 | B99: Teagan Quitoriano | C99: 2 | D99: 3 | E99: 33 | F99: 1 | G99: 0 | H99: 0 | I99: 0 | J99: 7 | K99: 5.3 | L99: HOU | M99: 63 | N99: 7 | O99: 14 | P99: 113 | Q99: 2 | R99: 2 | S99: 0 | T99: 0 | U99: 7 | V99: 30.3 | AG99: HOU | AH99: 34.285714 | AI99: 14.117647 | AJ99: HOU | AK99: 57.142857 | AL99: 23.529412 | AP99: 128 | AQ99: 22.7 | AR99: 565 | AS99: 131 | AT99: 23.5 | AU99: 557 | AY99: 122 | AZ99: 82 | BA99: 0
A100: 99 | B100: James Mitchell | C100: 2 | D100: 2 | E100: 28 | F100: 1 | G100: 0 | H100: 0 | I100: 0 | J100: 14 | K100: 4.8 | L100: DET | M100: 67 | N100: 11 | O100: 11 | P100: 113 | Q100: 2 | R100: 1 | S100: 0 | T100: 0 | U100: 8 | V100: 28.3 | AG100: DET | AH100: 17 | AI100: 14 | AJ100: DET | AK100: 22 | AL100: 10.352941 | AP100: 136 | AQ100: 23.8 | AR100: 571 | AS100: 93 | AT100: 16.7 | AU100: 557 | AY100: 134 | AZ100: 39 | BA100: 0
...

Sheet RDs
A1: Interest | B1: Yes
A3: Count of POS
A4: Row Labels | B4: DS | C4: QB | D4: RB | E4: TE | F4: WR | G4: Grand Total
A5: 1 | D5: 3 | F5: 2 | G5: 5 | H5: WR
A6: 2 | D6: 5 | F6: 1 | G6: 6 | H6: RB
A7: 3 | C7: 2 | D7: 1 | E7: 1 | F7: 4 | G7: 8
A8: 4 | D8: 1 | E8: 1 | F8: 1 | G8: 3
A9: 5 | D9: 3 | E9: 1 | G9: 4
A10: 6 | D10: 1 | E10: 1 | F10: 2 | G10: 4
A11: (blank) | B11: 4 | C11: 3 | D11: 1 | E11: 1 | F11: 7 | G11: 16
A12: Grand Total | B12: 4 | C12: 5 | D12: 15 | E12: 5 | F12: 17 | G12: 46
